portfolio_company,channel,first_touch_revenue,last_touch_revenue,linear_revenue,deals_touched,total_spend,first_touch_roas,last_touch_roas,linear_roas
Acme MSP,Google Ads,260850,353350,312890.8333333333,35,225005.68,1.159304067346211,1.5704048004477043,1.3905908212331943
Acme MSP,Outbound,58900,40550,62910.833333333336,11,129476.37,0.45490926259363,0.3131845602406061,0.48588660103255393
Acme MSP,Meta Ads,67350,159100,122585.0,14,84501.34,0.7970287808453689,1.8828103791016806,1.4506870541934602
Acme MSP,Call Tracking,71750,46300,50775.0,7,53296.92,1.3462316396519725,0.8687181172945829,0.9526816934261868
Acme MSP,Referral,282600,142150,192288.33333333334,22,36585.87,7.724293559234753,3.8853797927997884,5.255808686067417
Summit HVAC,Outbound,179200,199300,167562.5,32,157371.81,1.138704574853654,1.2664275768322166,1.0647554984593492
Summit HVAC,Call Tracking,93850,147600,123504.16666666667,40,72571.41,1.293208992356632,2.0338587881922097,1.7018295037490199
Summit HVAC,Google Ads,131750,210700,184587.5,28,61470.41,2.1433076499733774,3.427665440982092,3.002867558553782
Summit HVAC,Meta Ads,40450,5800,26100.0,9,29870.08,1.354197913095646,0.19417423723003086,0.8737840675351388
Summit HVAC,Referral,185600,67450,129095.83333333333,24,24178.92,7.6761079485766945,2.7896200491998817,5.339189398589074
