portfolio_company,channel,model,attributed_revenue
Acme MSP,Google Ads,First-Touch,260850.0
Acme MSP,Outbound,First-Touch,58900.0
Acme MSP,Meta Ads,First-Touch,67350.0
Acme MSP,Call Tracking,First-Touch,71750.0
Acme MSP,Referral,First-Touch,282600.0
Summit HVAC,Outbound,First-Touch,179200.0
Summit HVAC,Call Tracking,First-Touch,93850.0
Summit HVAC,Google Ads,First-Touch,131750.0
Summit HVAC,Meta Ads,First-Touch,40450.0
Summit HVAC,Referral,First-Touch,185600.0
Acme MSP,Google Ads,Last-Touch,353350.0
Acme MSP,Outbound,Last-Touch,40550.0
Acme MSP,Meta Ads,Last-Touch,159100.0
Acme MSP,Call Tracking,Last-Touch,46300.0
Acme MSP,Referral,Last-Touch,142150.0
Summit HVAC,Outbound,Last-Touch,199300.0
Summit HVAC,Call Tracking,Last-Touch,147600.0
Summit HVAC,Google Ads,Last-Touch,210700.0
Summit HVAC,Meta Ads,Last-Touch,5800.0
Summit HVAC,Referral,Last-Touch,67450.0
Acme MSP,Google Ads,Linear,312890.8333333333
Acme MSP,Outbound,Linear,62910.833333333336
Acme MSP,Meta Ads,Linear,122585.0
Acme MSP,Call Tracking,Linear,50775.0
Acme MSP,Referral,Linear,192288.33333333334
Summit HVAC,Outbound,Linear,167562.5
Summit HVAC,Call Tracking,Linear,123504.16666666667
Summit HVAC,Google Ads,Linear,184587.5
Summit HVAC,Meta Ads,Linear,26100.0
Summit HVAC,Referral,Linear,129095.83333333333
