portfolio_company,close_month,channel,first_touch_revenue,last_touch_revenue,linear_revenue,deals_touched
Acme MSP,2026-05,Call Tracking,9600,0,2400.0,1
Acme MSP,2026-05,Google Ads,42550,39950,47041.666666666664,4
Acme MSP,2026-05,Meta Ads,0,29950,9183.333333333332,2
Acme MSP,2026-05,Outbound,0,0,2400.0,1
Acme MSP,2026-05,Referral,17750,0,8875.0,1
Acme MSP,2026-06,Call Tracking,24900,12500,18700.0,3
Acme MSP,2026-06,Google Ads,96750,112800,103850.0,12
Acme MSP,2026-06,Meta Ads,17650,25600,38508.333333333336,4
Acme MSP,2026-06,Outbound,0,10200,2550.0,1
Acme MSP,2026-06,Referral,102650,80850,78341.66666666667,7
Acme MSP,2026-07,Call Tracking,37250,33800,29675.0,3
Acme MSP,2026-07,Google Ads,24400,90150,67554.16666666667,8
Acme MSP,2026-07,Meta Ads,0,35800,22566.666666666664,2
Acme MSP,2026-07,Outbound,47050,14000,30525.0,3
Acme MSP,2026-07,Referral,75900,10850,34279.166666666664,6
Acme MSP,2026-08,Google Ads,36550,14000,22243.333333333332,3
Acme MSP,2026-08,Meta Ads,33350,67750,46876.666666666664,5
Acme MSP,2026-08,Outbound,11850,0,5925.0,1
Acme MSP,2026-08,Referral,14150,14150,20855.0,3
Acme MSP,2026-09,Google Ads,60600,96450,72201.66666666667,8
Acme MSP,2026-09,Meta Ads,16350,0,5450.0,1
Acme MSP,2026-09,Outbound,0,16350,21510.833333333336,5
Acme MSP,2026-09,Referral,72150,36300,49937.5,5
Summit HVAC,2026-04,Call Tracking,9400,8800,9100.0,4
Summit HVAC,2026-04,Meta Ads,0,0,2629.166666666667,2
Summit HVAC,2026-04,Outbound,2450,9100,4154.166666666667,3
Summit HVAC,2026-04,Referral,6050,0,2016.6666666666667,1
Summit HVAC,2026-05,Call Tracking,6400,23750,16841.666666666668,7
Summit HVAC,2026-05,Google Ads,11600,4900,8250.0,2
Summit HVAC,2026-05,Meta Ads,0,0,2766.6666666666665,1
Summit HVAC,2026-05,Outbound,37500,25700,30025.0,6
Summit HVAC,2026-05,Referral,8300,9450,5916.666666666666,2
Summit HVAC,2026-06,Call Tracking,17150,26400,20775.0,9
Summit HVAC,2026-06,Google Ads,30000,58700,45650.0,7
Summit HVAC,2026-06,Meta Ads,0,2800,700.0,1
Summit HVAC,2026-06,Outbound,44850,27900,36675.0,9
Summit HVAC,2026-06,Referral,34750,10950,22950.0,6
Summit HVAC,2026-07,Call Tracking,13550,52750,34762.5,8
Summit HVAC,2026-07,Google Ads,70600,95150,90995.83333333333,10
Summit HVAC,2026-07,Meta Ads,23950,0,13541.666666666666,2
Summit HVAC,2026-07,Outbound,17150,43150,18275.0,4
Summit HVAC,2026-07,Referral,80550,14750,48225.0,8
Summit HVAC,2026-08,Call Tracking,20600,14550,17675.0,7
Summit HVAC,2026-08,Google Ads,12100,20000,18150.0,4
Summit HVAC,2026-08,Meta Ads,0,0,362.5,1
Summit HVAC,2026-08,Outbound,25100,30050,24650.0,5
Summit HVAC,2026-08,Referral,6800,0,3762.5,2
Summit HVAC,2026-09,Call Tracking,26750,21350,24350.0,5
Summit HVAC,2026-09,Google Ads,7450,31950,21541.666666666668,5
Summit HVAC,2026-09,Meta Ads,16500,3000,6100.0,2
Summit HVAC,2026-09,Outbound,52150,63400,53783.333333333336,5
Summit HVAC,2026-09,Referral,49150,32300,46225.0,5
