portfolio_company,channel,source,calls,missed,booked,avg_duration_sec,revenue_influenced,missed_rate,booked_rate
Acme MSP,Call Tracking,Google Business Profile,312,38,17,210.87179487179486,92100,0.12179487179487179,0.05448717948717949
Acme MSP,Call Tracking,Local Services Ads,290,43,11,213.1793103448276,126600,0.1482758620689655,0.03793103448275862
Acme MSP,Google Ads,Google Ads Call Extension,165,27,4,187.56363636363636,54100,0.16363636363636364,0.024242424242424242
Acme MSP,Meta Ads,Meta Click-to-Call,45,6,1,172.48888888888888,0,0.13333333333333333,0.022222222222222223
Acme MSP,Outbound,Outbound Callback Number,23,1,3,254.2608695652174,46100,0.043478260869565216,0.13043478260869565
Acme MSP,Referral,Referral Line,38,3,2,231.0,45250,0.07894736842105263,0.05263157894736842
Summit HVAC,Call Tracking,Google Business Profile,393,112,33,174.54961832061068,132250,0.28498727735368956,0.08396946564885496
Summit HVAC,Call Tracking,Local Services Ads,374,101,41,185.85828877005346,131500,0.2700534759358289,0.10962566844919786
Summit HVAC,Google Ads,Google Ads Call Extension,90,34,6,125.62222222222222,50000,0.37777777777777777,0.06666666666666667
Summit HVAC,Meta Ads,Meta Click-to-Call,31,11,1,141.90322580645162,0,0.3548387096774194,0.03225806451612903
Summit HVAC,Outbound,Outbound Callback Number,104,29,11,203.32692307692307,43150,0.27884615384615385,0.10576923076923077
Summit HVAC,Referral,Referral Line,50,9,5,207.96,37750,0.18,0.1
