portfolio_company,channel,total_spend,leads,opps,closed_opps,won,revenue,cac,roas,avg_margin,avg_acv,lead_to_opp,opp_to_won,ltv,ltv_to_cac,cac_payback_months,spend_share,revenue_share
Acme MSP,Google Ads,225005.68,1185,91,75,18,260850,12500.315555555555,1.159304067346211,0.5863264328157946,14491.666666666666,0.07679324894514768,0.24,33987.38888888889,2.7189224734237825,17.65405246717328,0.42544917506352936,0.35181064131094475
Acme MSP,Outbound,129476.37,444,25,23,4,58900,32369.0925,0.45490926259363,0.5447741935483871,14725.0,0.05630630630630631,0.17391304347826086,32087.199999999997,0.9912913066685449,48.42168964571543,0.2448187743825858,0.07943893721761414
Acme MSP,Meta Ads,84501.34,653,25,22,4,67350,21125.335,0.7970287808453689,0.605798812175204,16837.5,0.03828483920367534,0.18181818181818182,40800.54999999999,1.9313563548223018,24.853000265927793,0.15977830157337725,0.09083552498482703
Acme MSP,Call Tracking,53296.92,286,21,20,5,71750,10659.384,1.3462316396519725,0.639801393728223,14350.0,0.07342657342657342,0.25,36724.6,3.445283517321451,13.932089988726903,0.10077581440356047,0.09676984287544677
Acme MSP,Referral,36585.87,438,54,45,19,282600,1925.572105263158,7.724293559234753,0.628231422505308,14873.684210526315,0.1232876712328767,0.4222222222222222,37376.46315789474,19.410575722266547,2.4728787382095794,0.06917793457694725,0.3811450536111673
Summit HVAC,Outbound,157371.81,809,75,68,21,179200,7493.895714285714,1.138704574853654,0.4244049019607843,8533.333333333334,0.09270704573547589,0.3088235294117647,10864.765490196078,1.4498154103591847,24.83074724049262,0.45553931549701915,0.28406118728699375
Summit HVAC,Call Tracking,72571.41,359,52,49,22,93850,3298.7004545454547,1.293208992356632,0.504564633463906,4265.909090909091,0.14484679665738162,0.4489795918367347,6457.280570534671,1.9575225636619538,18.390592613478997,0.21007021801460843,0.14876753586431005
Summit HVAC,Google Ads,61470.41,249,30,30,11,131750,5588.219090909091,2.1433076499733774,0.42927514231499053,11977.272727272728,0.12048192771084337,0.36666666666666664,15424.636363636364,2.7602060894013882,13.042504376116131,0.1779364963440474,0.20884520884520885
Summit HVAC,Meta Ads,29870.08,139,8,8,2,40450,14935.04,1.354197913095646,0.4447367119901112,20225.0,0.05755395683453238,0.25,26984.399999999998,1.806784581762084,19.924898830435364,0.08646399756755167,0.0641198383133867
Summit HVAC,Referral,24178.92,223,38,37,18,185600,1343.2733333333333,7.6761079485766945,0.4428428253261215,10311.111111111111,0.17040358744394618,0.4864864864864865,13698.604730088025,10.197927994368007,3.5301288673426274,0.06998997257677335,0.2942062296901007
