portfolio_company,month,channel,spend,leads,opps,won,revenue,margin_dollars,margin_base
Acme MSP,2026-04,Call Tracking,8612.97,45,4.0,0.0,0.0,0.0,0.0
Acme MSP,2026-04,Google Ads,36265.51,180,10.0,0.0,0.0,0.0,0.0
Acme MSP,2026-04,Meta Ads,14175.46,89,3.0,0.0,0.0,0.0,0.0
Acme MSP,2026-04,Outbound,21235.33,77,5.0,0.0,0.0,0.0,0.0
Acme MSP,2026-04,Referral,5711.75,64,8.0,0.0,0.0,0.0,0.0
Acme MSP,2026-05,Call Tracking,9280.86,42,7.0,1.0,9600.0,5740.8,9600.0
Acme MSP,2026-05,Google Ads,37291.59,203,21.0,2.0,42550.0,27692.65,42550.0
Acme MSP,2026-05,Meta Ads,13320.16,86,2.0,0.0,0.0,0.0,0.0
Acme MSP,2026-05,Outbound,20881.16,74,8.0,0.0,0.0,0.0,0.0
Acme MSP,2026-05,Referral,5959.77,81,11.0,1.0,17750.0,10738.75,17750.0
Acme MSP,2026-06,Call Tracking,9004.36,56,4.0,2.0,24900.0,15227.45,24900.0
Acme MSP,2026-06,Google Ads,39525.89,188,12.0,6.0,96750.0,55526.350000000006,96750.0
Acme MSP,2026-06,Meta Ads,14731.54,121,6.0,1.0,17650.0,9972.249999999998,17650.0
Acme MSP,2026-06,Outbound,22874.34,72,6.0,0.0,0.0,0.0,0.0
Acme MSP,2026-06,Referral,6331.95,67,10.0,6.0,102650.0,64733.3,102650.0
Acme MSP,2026-07,Call Tracking,9131.17,42,5.0,2.0,37250.0,24937.5,37250.0
Acme MSP,2026-07,Google Ads,37698.2,194,12.0,2.0,24400.0,15055.65,24400.0
Acme MSP,2026-07,Meta Ads,13729.57,128,6.0,0.0,0.0,0.0,0.0
Acme MSP,2026-07,Outbound,21856.64,61,2.0,3.0,47050.0,25439.35,47050.0
Acme MSP,2026-07,Referral,6235.45,69,7.0,6.0,75900.0,46057.8,75900.0
Acme MSP,2026-08,Call Tracking,8587.67,45,0.0,0.0,0.0,0.0,0.0
Acme MSP,2026-08,Google Ads,37929.95,202,21.0,3.0,36550.0,21375.65,36550.0
Acme MSP,2026-08,Meta Ads,13681.19,107,6.0,2.0,33350.0,21410.7,33350.0
Acme MSP,2026-08,Outbound,21285.36,78,4.0,1.0,11850.0,6647.85,11850.0
Acme MSP,2026-08,Referral,6104.62,74,13.0,1.0,14150.0,8461.699999999999,14150.0
Acme MSP,2026-09,Call Tracking,8679.89,56,1.0,0.0,0.0,0.0,0.0
Acme MSP,2026-09,Google Ads,36294.54,218,15.0,5.0,60600.0,33292.95,60600.0
Acme MSP,2026-09,Meta Ads,14863.42,122,2.0,1.0,16350.0,9417.599999999999,16350.0
Acme MSP,2026-09,Outbound,21343.54,82,0.0,0.0,0.0,0.0,0.0
Acme MSP,2026-09,Referral,6242.33,83,5.0,5.0,72150.0,47546.65,72150.0
Summit HVAC,2026-04,Call Tracking,11316.42,52,4.0,3.0,9400.0,5022.8,9400.0
Summit HVAC,2026-04,Google Ads,10298.5,37,7.0,0.0,0.0,0.0,0.0
Summit HVAC,2026-04,Meta Ads,4884.67,19,1.0,0.0,0.0,0.0,0.0
Summit HVAC,2026-04,Outbound,25236.44,114,14.0,1.0,2450.0,1398.9499999999998,2450.0
Summit HVAC,2026-04,Referral,3992.56,23,5.0,1.0,6050.0,3242.8,6050.0
Summit HVAC,2026-05,Call Tracking,12365.53,50,7.0,3.0,6400.0,3747.9,6400.0
Summit HVAC,2026-05,Google Ads,9701.21,38,3.0,2.0,11600.0,6354.200000000001,11600.0
Summit HVAC,2026-05,Meta Ads,5088.16,22,1.0,0.0,0.0,0.0,0.0
Summit HVAC,2026-05,Outbound,25463.09,131,18.0,5.0,37500.0,12527.45,28050.0
Summit HVAC,2026-05,Referral,4025.69,37,5.0,1.0,8300.0,3859.5,8300.0
Summit HVAC,2026-06,Call Tracking,11752.82,72,12.0,4.0,17150.0,8681.8,17150.0
Summit HVAC,2026-06,Google Ads,10756.72,47,12.0,2.0,30000.0,10995.150000000001,30000.0
Summit HVAC,2026-06,Meta Ads,5154.81,25,2.0,0.0,0.0,0.0,0.0
Summit HVAC,2026-06,Outbound,26980.93,148,9.0,7.0,44850.0,18112.65,42450.0
Summit HVAC,2026-06,Referral,4105.73,42,11.0,5.0,34750.0,12837.800000000001,26850.0
Summit HVAC,2026-07,Call Tracking,12958.84,73,8.0,3.0,13550.0,6157.5,13550.0
Summit HVAC,2026-07,Google Ads,10759.2,56,4.0,5.0,70600.0,31321.25,70600.0
Summit HVAC,2026-07,Meta Ads,5062.74,29,2.0,1.0,23950.0,10729.6,23950.0
Summit HVAC,2026-07,Outbound,26367.86,148,12.0,2.0,17150.0,7970.6,17150.0
Summit HVAC,2026-07,Referral,4175.73,43,8.0,6.0,80550.0,34267.65,80550.0
Summit HVAC,2026-08,Call Tracking,12192.4,62,14.0,5.0,20600.0,10301.1,20600.0
Summit HVAC,2026-08,Google Ads,9928.99,38,3.0,1.0,12100.0,4295.5,12100.0
Summit HVAC,2026-08,Meta Ads,4974.21,16,1.0,0.0,0.0,0.0,0.0
Summit HVAC,2026-08,Outbound,27800.49,152,16.0,3.0,25100.0,13314.0,25100.0
Summit HVAC,2026-08,Referral,4078.25,47,7.0,1.0,6800.0,2856.0,6800.0
Summit HVAC,2026-09,Call Tracking,11985.4,50,7.0,4.0,26750.0,11171.75,22250.0
Summit HVAC,2026-09,Google Ads,10025.79,33,1.0,1.0,7450.0,3590.9,7450.0
Summit HVAC,2026-09,Meta Ads,4705.49,28,1.0,1.0,16500.0,7260.0,16500.0
Summit HVAC,2026-09,Outbound,25523.0,116,6.0,3.0,52150.0,11610.3,37800.0
Summit HVAC,2026-09,Referral,3800.96,31,2.0,4.0,49150.0,12529.0,28600.0
