portfolio_company,month,spend,leads,won,revenue,cac,roas
Acme MSP,2026-04,86001.02,455,0.0,0.0,,0.0
Acme MSP,2026-05,86733.54,486,4.0,69900.0,21683.385,0.8059166038881845
Acme MSP,2026-06,92468.08,504,15.0,241950.0,6164.538666666666,2.6165786074502684
Acme MSP,2026-07,88651.03,494,13.0,184600.0,6819.3099999999995,2.082322111767906
Acme MSP,2026-08,87588.79000000001,506,7.0,95900.0,12512.684285714287,1.0948889692391
Acme MSP,2026-09,87423.72,561,11.0,149100.0,7947.610909090909,1.70548679465939
Summit HVAC,2026-04,55728.59,245,5.0,17900.0,11145.717999999999,0.32119958534748505
Summit HVAC,2026-05,56643.68,278,11.0,63800.0,5149.425454545454,1.1263392491448296
Summit HVAC,2026-06,58751.01,334,18.0,126750.0,3263.945,2.1574097194243977
Summit HVAC,2026-07,59324.37,349,17.0,205800.0,3489.668823529412,3.4690633882837694
Summit HVAC,2026-08,58974.340000000004,315,10.0,64600.0,5897.434,1.0953916567781852
Summit HVAC,2026-09,56040.64,258,13.0,152000.0,4310.818461538462,2.712317346839722
