portfolio_company,category,metric,value,unit,definition,target,status
Acme MSP,Volume,Leads,3006.0,count,Leads created in period,,
Acme MSP,Volume,Opportunities,216.0,count,Deals that reached Qualified,,
Acme MSP,Volume,Closed-won deals,50.0,count,Deals in Won stage,,
Acme MSP,Volume,Bookings (closed-won revenue),741450.0,usd,Sum of won deal amount (first-year contract value),,
Acme MSP,Volume,Open pipeline,1153650.0,usd,Amount on deals not yet Won/Lost,,
Acme MSP,Volume,GTM spend,528866.1799999999,usd,Media + outbound + referral + call-tracking spend,,
Acme MSP,Conversion,Lead to opportunity,0.0718562874251497,pct,Opportunities / leads,0.08,amber
Acme MSP,Conversion,Opportunity to won,0.2702702702702703,pct,Won / closed opportunities (Won + Lost after Qualified),0.3,amber
Acme MSP,Conversion,Speed to lead (median),3.5902777777777777,hours,Lead created to first rep activity,0.25,red
Acme MSP,Economics,Average contract value,14829.0,usd,Mean amount of won deals,,
Acme MSP,Economics,Gross margin,0.6059409939982467,pct,Revenue-weighted margin on won deals,,
Acme MSP,Economics,Blended CAC,10577.323599999998,usd,Total GTM spend / closed-won deals,,
Acme MSP,Economics,ROAS,1.4019614564879155,x,Bookings / GTM spend,1.5,amber
Acme MSP,Economics,Customer lifetime (assumption),4.0,years,Set per company in config (from churn),,
Acme MSP,Economics,LTV,35941.99600000001,usd,ACV x gross margin x customer lifetime,,
Acme MSP,Economics,LTV : CAC,3.3980236739660694,x,LTV / blended CAC,3.0,green
Acme MSP,Economics,CAC payback,14.125858029698733,months,CAC / (ACV x gross margin / 12),12.0,amber
Acme MSP,Velocity,Sales cycle,39.315543749999996,days,"Deal created to Won, mean",,
Acme MSP,Velocity,Pipeline velocity,22019.10212606364,usd_per_day,Opps x win rate x ACV / sales cycle days,,
Acme MSP,Data & Ops,Data completeness,0.8700689655172413,pct,Share of lead + deal records with every required field populated,0.9,amber
Acme MSP,Data & Ops,Inbound calls tracked,873.0,count,Calls logged by call tracking,,
Acme MSP,Data & Ops,Missed call rate,0.13516609392898052,pct,Missed / tracked calls,0.1,red
Acme MSP,Data & Ops,Call-influenced bookings,0.3331984624721829,pct,Share of bookings where the buyer phoned in at least once,,
Acme MSP,AI Agent,Leads processed by agent,564.0,count,Leads run through the AI agent end to end,,
Acme MSP,AI Agent,Manual steps eliminated,3948.0,count,Automated steps x leads,,
Acme MSP,AI Agent,Rep hours saved,159.8,hours,Steps x manual minutes per step,,
Acme MSP,AI Agent,"Routing time (agent, median)",0.0004,seconds,Webhook received to deal + task created,,
Summit HVAC,Volume,Leads,1779.0,count,Leads created in period,,
Summit HVAC,Volume,Opportunities,203.0,count,Deals that reached Qualified,,
Summit HVAC,Volume,Closed-won deals,74.0,count,Deals in Won stage,,
Summit HVAC,Volume,Bookings (closed-won revenue),630850.0,usd,Sum of won deal amount (first-year contract value),,
Summit HVAC,Volume,Open pipeline,513350.0,usd,Amount on deals not yet Won/Lost,,
Summit HVAC,Volume,GTM spend,345462.63000000006,usd,Media + outbound + referral + call-tracking spend,,
Summit HVAC,Conversion,Lead to opportunity,0.11410905002810567,pct,Opportunities / leads,0.08,green
Summit HVAC,Conversion,Opportunity to won,0.3854166666666667,pct,Won / closed opportunities (Won + Lost after Qualified),0.3,green
Summit HVAC,Conversion,Speed to lead (median),6.037916666666667,hours,Lead created to first rep activity,0.25,red
Summit HVAC,Economics,Average contract value,8525.0,usd,Mean amount of won deals,,
Summit HVAC,Economics,Gross margin,0.4445620955046353,pct,Revenue-weighted margin on won deals,,
Summit HVAC,Economics,Blended CAC,4668.41391891892,usd,Total GTM spend / closed-won deals,,
Summit HVAC,Economics,ROAS,1.8261020012497442,x,Bookings / GTM spend,1.5,green
Summit HVAC,Economics,Customer lifetime (assumption),3.0,years,Set per company in config (from churn),,
Summit HVAC,Economics,LTV,11369.675592531048,usd,ACV x gross margin x customer lifetime,,
Summit HVAC,Economics,LTV : CAC,2.435447196842383,x,LTV / blended CAC,3.0,amber
Summit HVAC,Economics,CAC payback,14.781679539870494,months,CAC / (ACV x gross margin / 12),12.0,amber
Summit HVAC,Velocity,Sales cycle,20.673385573073073,days,"Deal created to Won, mean",,
Summit HVAC,Velocity,Pipeline velocity,32263.339043287586,usd_per_day,Opps x win rate x ACV / sales cycle days,,
Summit HVAC,Data & Ops,Data completeness,0.7574910107870555,pct,Share of lead + deal records with every required field populated,0.9,amber
Summit HVAC,Data & Ops,Inbound calls tracked,1042.0,count,Calls logged by call tracking,,
Summit HVAC,Data & Ops,Missed call rate,0.2840690978886756,pct,Missed / tracked calls,0.1,red
Summit HVAC,Data & Ops,Call-influenced bookings,0.6100499326305778,pct,Share of bookings where the buyer phoned in at least once,,
Summit HVAC,AI Agent,Leads processed by agent,260.0,count,Leads run through the AI agent end to end,,
Summit HVAC,AI Agent,Manual steps eliminated,1820.0,count,Automated steps x leads,,
Summit HVAC,AI Agent,Rep hours saved,73.66666666666667,hours,Steps x manual minutes per step,,
Summit HVAC,AI Agent,"Routing time (agent, median)",0.00035,seconds,Webhook received to deal + task created,,
