portfolio_company,pipeline,stage,avg_days,median_days,deals
Acme MSP,Acme MSP - Inbound,New,4.182490648148148,3.474849537037037,375
Acme MSP,Acme MSP - Inbound,Contacted,7.215327944503989,5.9642939814814815,311
Acme MSP,Acme MSP - Inbound,Qualified,11.471437331989247,11.044623842592593,124
Acme MSP,Acme MSP - Inbound,Proposal,16.903324915824918,14.567627314814814,77
Acme MSP,Acme MSP - Outbound,New,4.1917556216931215,3.778570601851852,70
Acme MSP,Acme MSP - Outbound,Contacted,8.324376995530013,6.802662037037036,58
Acme MSP,Acme MSP - Outbound,Qualified,9.780200462962963,8.890902777777777,25
Acme MSP,Acme MSP - Outbound,Proposal,18.76610339506173,17.099600694444444,12
Acme MSP,Acme MSP - Referral,New,4.206444547652748,3.883912037037037,157
Acme MSP,Acme MSP - Referral,Contacted,8.078353162445534,6.385902777777778,136
Acme MSP,Acme MSP - Referral,Qualified,11.039389644746787,9.760462962962963,49
Acme MSP,Acme MSP - Referral,Proposal,15.546614770011947,10.776435185185186,31
Summit HVAC,Summit HVAC - Emergency,New,0.3045495050436615,0.24593171296296296,246
Summit HVAC,Summit HVAC - Emergency,Contacted,0.9323526198511596,0.7947453703703704,214
Summit HVAC,Summit HVAC - Emergency,Qualified,1.0329270833333333,0.8063252314814815,70
Summit HVAC,Summit HVAC - Emergency,Proposal,1.5834131462191356,1.4094502314814814,48
Summit HVAC,Summit HVAC - Installation,New,4.13758627946128,3.6708680555555557,187
Summit HVAC,Summit HVAC - Installation,Contacted,8.391139230673627,7.030752314814815,149
Summit HVAC,Summit HVAC - Installation,Qualified,11.921364814814815,10.658859953703704,50
Summit HVAC,Summit HVAC - Installation,Proposal,19.8994332010582,18.715324074074076,35
Summit HVAC,Summit HVAC - Maintenance,New,3.2006010720383506,2.7000057870370373,282
Summit HVAC,Summit HVAC - Maintenance,Contacted,5.674758427073768,4.530607638888888,242
Summit HVAC,Summit HVAC - Maintenance,Qualified,6.205394397562119,5.802418981481481,79
Summit HVAC,Summit HVAC - Maintenance,Proposal,8.435470250342936,6.452997685185185,54
