Email,Activity date,Note body,Activity ID (source)
eugene.casey@kingandsons.example.com,2026-04-03 12:08:07,Sales email (Sofia Alvarez): sent,ACME-A000046
kristin.burton@frenchterry.example.com,2026-04-03 12:17:33,Sales email (Dana Whitfield): sent,ACME-A000047
marvin.malone@piercechavez.example.com,2026-04-03 15:32:42,Sales email (Dana Whitfield): replied,ACME-A000050
timothy.frank@brownflemingandschmidt.example.com,2026-04-03 15:50:16,Sales email (Priya Raman): sent,ACME-A000054
nicole.parks@smithinc.example.com,2026-04-06 01:21:14,Sales email (Sofia Alvarez): sent,ACME-A000088
william.aguirre@obriengonzalezandramirez.example.com,2026-04-06 14:08:27,Sales email (Owen Brooks): sent,ACME-A000097
amber.duncan@robertsandsons.example.com,2026-04-06 17:32:36,Sales email (Dana Whitfield): sent,ACME-A000105
marvin.malone@piercechavez.example.com,2026-04-07 01:19:28,Sales email (Dana Whitfield): replied,ACME-A000113
william.aguirre@obriengonzalezandramirez.example.com,2026-04-07 04:31:40,Sales email (Owen Brooks): sent,ACME-A000116
deanna.stephenson@turnermurrayandhaley.example.com,2026-04-07 20:28:34,Sales email (Jordan Ellis): replied,ACME-A000134
jamie.baker@beasleyjohnson.example.com,2026-04-07 23:27:30,Sales email (Owen Brooks): sent,ACME-A000142
peter.berg@kingbrown.example.com,2026-04-08 00:58:49,Sales email (Marcus Lee): replied,ACME-A000144
victoria.walker@watsonandsons.example.com,2026-04-08 14:04:24,Sales email (Jordan Ellis): replied,ACME-A000155
jennifer.valenzuela@wilsonhouse.example.com,2026-04-08 18:10:10,Sales email (Dana Whitfield): sent,ACME-A000165
connor.hayes@brownleeandwilliams.example.com,2026-04-09 02:18:08,Sales email (Sofia Alvarez): replied,ACME-A000177
jamie.baker@beasleyjohnson.example.com,2026-04-09 10:05:21,Sales email (Owen Brooks): sent,ACME-A000186
erin.jennings@adamsplc.example.com,2026-04-09 15:59:41,Sales email (Owen Brooks): replied,ACME-A000196
nicole.parks@smithinc.example.com,2026-04-09 16:28:17,Sales email (Sofia Alvarez): sent,ACME-A000198
tina.hood@sullivanllc.example.com,2026-04-09 18:32:49,Sales email (Sofia Alvarez): replied,ACME-A000202
sara.willis@brownfosteranderickson.example.com,2026-04-10 00:58:16,Sales email (Dana Whitfield): sent,ACME-A000218
thomas.huang@dunnmiller.example.com,2026-04-10 21:31:16,Sales email (Dana Whitfield): replied,ACME-A000241
lance.allen@salazarharrison.example.com,2026-04-11 20:38:24,Sales email (Marcus Lee): sent,ACME-A000265
robert.spencer@townsendclarkandgraham.example.com,2026-04-12 00:35:24,Sales email (Grace Kim): sent,ACME-A000271
jamie.baker@beasleyjohnson.example.com,2026-04-12 10:44:55,Sales email (Owen Brooks): sent,ACME-A000279
andre.davis@whitewoodardandadams.example.com,2026-04-13 00:16:59,Sales email (Sofia Alvarez): sent,ACME-A000293
sara.willis@brownfosteranderickson.example.com,2026-04-13 02:32:44,Sales email (Dana Whitfield): sent,ACME-A000296
sara.willis@brownfosteranderickson.example.com,2026-04-13 16:19:05,Sales email (Dana Whitfield): sent,ACME-A000317
thomas.hardy@smithlloydandjackson.example.com,2026-04-13 23:49:13,Sales email (Acme Round Robin): sent,ACME-A000334
theresa.williams@mezarayandsanders.example.com,2026-04-14 13:56:05,Sales email (Dana Whitfield): sent,ACME-A000351
patricia.miller@stantonphillipsandmcfarl.example.com,2026-04-15 10:19:58,Sales email (Sofia Alvarez): sent,ACME-A000392
danielle.riggs@wilkinsking.example.com,2026-04-16 02:04:29,Sales email (Dana Whitfield): replied,ACME-A000415
anna.ortega@smithpittmanandmcdonald.example.com,2026-04-16 07:48:59,Sales email (Owen Brooks): sent,ACME-A000422
laurie.zimmerman@poolemooreandsmith.example.com,2026-04-16 14:21:20,Sales email (Dana Whitfield): replied,ACME-A000434
catherine.cox@leebrown.example.com,2026-04-17 08:37:49,Sales email (Acme Round Robin): sent,ACME-A000463
andre.davis@whitewoodardandadams.example.com,2026-04-17 08:39:13,Sales email (Sofia Alvarez): sent,ACME-A000464
claire.mccullough@morgangroup.example.com,2026-04-17 18:48:50,Sales email (Dana Whitfield): replied,ACME-A000482
eugene.casey@kingandsons.example.com,2026-04-18 00:01:56,Sales email (Sofia Alvarez): sent,ACME-A000492
margaret.pace@berryfrancisandmartin.example.com,2026-04-18 07:02:43,Sales email (Acme Round Robin): sent,ACME-A000495
robin.mcclain@alexanderandsons.example.com,2026-04-18 13:31:32,Sales email (Priya Raman): bounced,ACME-A000502
patricia.miller@stantonphillipsandmcfarl.example.com,2026-04-18 14:26:32,Sales email (Sofia Alvarez): replied,ACME-A000503
eugene.casey@kingandsons.example.com,2026-04-18 16:56:02,Sales email (Sofia Alvarez): bounced,ACME-A000506
claire.mccullough@morgangroup.example.com,2026-04-18 20:46:19,Sales email (Dana Whitfield): sent,ACME-A000511
carolyn.gray@melendezleeandprice.example.com,2026-04-19 21:48:39,Sales email (Priya Raman): sent,ACME-A000548
lori.jackson@robinsonatkinsanddavis.example.com,2026-04-19 22:17:15,Sales email (Marcus Lee): sent,ACME-A000551
thomas.hardy@smithlloydandjackson.example.com,2026-04-19 23:21:18,Sales email (Acme Round Robin): replied,ACME-A000554
david.reynolds@silvaperezandwhite.example.com,2026-04-20 01:43:03,Sales email (Marcus Lee): sent,ACME-A000560
danielle.riggs@wilkinsking.example.com,2026-04-20 11:54:37,Sales email (Dana Whitfield): sent,ACME-A000569
lance.allen@salazarharrison.example.com,2026-04-20 19:16:38,Sales email (Marcus Lee): sent,ACME-A000585
marvin.malone@piercechavez.example.com,2026-04-20 23:24:35,Sales email (Dana Whitfield): sent,ACME-A000590
nicole.parks@smithinc.example.com,2026-04-21 00:25:10,Sales email (Sofia Alvarez): sent,ACME-A000593
duane.harrell@brownreevesandtran.example.com,2026-04-21 08:58:08,Sales email (Dana Whitfield): sent,ACME-A000603
william.aguirre@obriengonzalezandramirez.example.com,2026-04-21 20:48:09,Sales email (Owen Brooks): sent,ACME-A000626
peter.berg@kingbrown.example.com,2026-04-22 01:34:54,Sales email (Marcus Lee): replied,ACME-A000632
kristin.burton@frenchterry.example.com,2026-04-22 04:09:56,Sales email (Dana Whitfield): sent,ACME-A000637
kevin.hood@reyesandsons.example.com,2026-04-22 13:31:54,Sales email (Priya Raman): sent,ACME-A000651
erica.chavez@jordanmarshallandwilliam.example.com,2026-04-22 21:28:14,Sales email (Dana Whitfield): replied,ACME-A000664
william.eaton@andersonwilkins.example.com,2026-04-24 02:36:05,Sales email (Marcus Lee): replied,ACME-A000702
claire.mccullough@morgangroup.example.com,2026-04-24 03:36:16,Sales email (Dana Whitfield): sent,ACME-A000705
brett.thomas@mejiaanderson.example.com,2026-04-24 15:43:56,Sales email (Dana Whitfield): sent,ACME-A000722
jacob.smith@bennettkingandsimmons.example.com,2026-04-24 15:45:15,Sales email (Owen Brooks): replied,ACME-A000723
erin.jennings@adamsplc.example.com,2026-04-25 16:18:30,Sales email (Owen Brooks): sent,ACME-A000758
thomas.hardy@smithlloydandjackson.example.com,2026-04-26 06:21:57,Sales email (Acme Round Robin): sent,ACME-A000778
holly.lee@montoyajohnsonanddavis.example.com,2026-04-26 15:52:52,Sales email (Sofia Alvarez): replied,ACME-A000791
brett.thomas@mejiaanderson.example.com,2026-04-26 17:56:26,Sales email (Dana Whitfield): sent,ACME-A000793
marvin.malone@piercechavez.example.com,2026-04-26 18:01:56,Sales email (Dana Whitfield): sent,ACME-A000794
brett.thomas@mejiaanderson.example.com,2026-04-26 18:40:14,Sales email (Dana Whitfield): sent,ACME-A000796
sally.sanders@pagetran.example.com,2026-04-27 10:34:07,Sales email (Dana Whitfield): replied,ACME-A000819
maurice.day@mendozaltd.example.com,2026-04-27 20:04:58,Sales email (Dana Whitfield): bounced,ACME-A000835
lance.allen@salazarharrison.example.com,2026-04-28 05:23:57,Sales email (Marcus Lee): bounced,ACME-A000857
lisa.mays@lanemoore.example.com,2026-04-28 11:12:32,Sales email (Priya Raman): sent,ACME-A000870
karen.jimenez@bennettllc.example.com,2026-04-29 14:15:31,Sales email (Dana Whitfield): replied,ACME-A000919
tristan.robinson@kellycarr.example.com,2026-04-29 15:58:56,Sales email (Dana Whitfield): sent,ACME-A000923
brian.mcdonald@kennedyplc.example.com,2026-04-29 17:35:34,Sales email (Owen Brooks): sent,ACME-A000929
katelyn.dickerson@wardgroup.example.com,2026-04-29 22:05:11,Sales email (Priya Raman): replied,ACME-A000941
renee.hammond@williamswolf.example.com,2026-04-29 22:45:54,Sales email (Owen Brooks): sent,ACME-A000942
robin.blackburn@vancejonesandparrish.example.com,2026-04-30 14:16:22,Sales email (Sofia Alvarez): replied,ACME-A000965
katelyn.dickerson@wardgroup.example.com,2026-05-01 02:02:09,Sales email (Priya Raman): replied,ACME-A000989
robin.blackburn@vancejonesandparrish.example.com,2026-05-01 03:13:33,Sales email (Sofia Alvarez): sent,ACME-A000991
jesus.murray@masongrayandhenson.example.com,2026-05-01 09:01:43,Sales email (Priya Raman): replied,ACME-A000999
claire.mccullough@morgangroup.example.com,2026-05-01 09:06:17,Sales email (Dana Whitfield): sent,ACME-A001000
jeffrey.perez@friedmandiaz.example.com,2026-05-02 02:06:28,Sales email (Priya Raman): sent,ACME-A001034
amanda.wilson@hernandezllc.example.com,2026-05-02 02:22:46,Sales email (Jordan Ellis): sent,ACME-A001035
jonathan.friedman@youngandsons.example.com,2026-05-03 02:29:52,Sales email (Marcus Lee): sent,ACME-A001063
jonathan.friedman@youngandsons.example.com,2026-05-03 02:30:13,Sales email (Marcus Lee): sent,ACME-A001064
darin.schmidt@connerllc.example.com,2026-05-03 09:38:43,Sales email (Dana Whitfield): sent,ACME-A001076
theresa.williams@mezarayandsanders.example.com,2026-05-03 10:32:42,Sales email (Dana Whitfield): sent,ACME-A001077
catherine.cox@leebrown.example.com,2026-05-03 20:31:26,Sales email (Acme Round Robin): sent,ACME-A001088
jacob.ryan@holmesinc.example.com,2026-05-03 23:25:05,Sales email (Dana Whitfield): sent,ACME-A001091
claire.mccullough@morgangroup.example.com,2026-05-04 02:25:29,Sales email (Dana Whitfield): replied,ACME-A001097
erin.jennings@adamsplc.example.com,2026-05-04 03:24:59,Sales email (Owen Brooks): sent,ACME-A001099
joanna.moore@haysltd.example.com,2026-05-04 11:42:39,Sales email (Acme Round Robin): sent,ACME-A001111
anna.hampton@myersjacksonandchoi.example.com,2026-05-04 15:15:17,Sales email (Jordan Ellis): sent,ACME-A001119
derrick.benton@bradyjohnsonandnguyen.example.com,2026-05-06 10:09:32,Sales email (Acme Round Robin): sent,ACME-A001193
holly.smith@douglascurtis.example.com,2026-05-06 16:25:17,Sales email (Marcus Lee): sent,ACME-A001209
jeffrey.perez@friedmandiaz.example.com,2026-05-07 04:19:27,Sales email (Priya Raman): sent,ACME-A001224
brittany.white@cochrangroup.example.com,2026-05-07 09:43:32,Sales email (Marcus Lee): sent,ACME-A001233
erin.jennings@adamsplc.example.com,2026-05-07 09:43:46,Sales email (Owen Brooks): sent,ACME-A001234
michael.christensen@ayersfoxandroberts.example.com,2026-05-07 11:52:03,Sales email (Dana Whitfield): sent,ACME-A001239
sydney.peterson@maldonadollc.example.com,2026-05-07 17:49:50,Sales email (Marcus Lee): replied,ACME-A001251
sydney.peterson@maldonadollc.example.com,2026-05-07 21:06:08,Sales email (Marcus Lee): sent,ACME-A001265
michael.mckinney@foleymaxwellandrice.example.com,2026-05-07 23:47:26,Sales email (Dana Whitfield): sent,ACME-A001271
heather.cole@fostershea.example.com,2026-05-08 04:29:07,Sales email (Sofia Alvarez): sent,ACME-A001278
crystal.warner@adamsmccoy.example.com,2026-05-08 05:09:21,Sales email (Dana Whitfield): sent,ACME-A001279
amanda.wilson@hernandezllc.example.com,2026-05-08 08:21:35,Sales email (Jordan Ellis): sent,ACME-A001283
christopher.alvarado@moodyhall.example.com,2026-05-08 16:37:34,Sales email (Dana Whitfield): sent,ACME-A001296
hunter.wilson@bellfuller.example.com,2026-05-09 11:43:32,Sales email (Jordan Ellis): bounced,ACME-A001335
emma.mcmahon@perezgroup.example.com,2026-05-09 16:20:49,Sales email (Priya Raman): replied,ACME-A001340
erica.chavez@jordanmarshallandwilliam.example.com,2026-05-09 19:34:47,Sales email (Dana Whitfield): sent,ACME-A001345
dustin.gardner@jenkinsevans.example.com,2026-05-10 09:09:16,Sales email (Sofia Alvarez): sent,ACME-A001367
susan.mccall@martinezplc.example.com,2026-05-10 20:34:18,Sales email (Dana Whitfield): replied,ACME-A001381
sydney.peterson@maldonadollc.example.com,2026-05-11 01:18:27,Sales email (Marcus Lee): sent,ACME-A001391
brian.shaw@weberinc.example.com,2026-05-11 02:18:40,Sales email (Sofia Alvarez): bounced,ACME-A001394
lori.jackson@robinsonatkinsanddavis.example.com,2026-05-11 07:07:17,Sales email (Marcus Lee): sent,ACME-A001407
tracy.gibbs@rodriguezinc.example.com,2026-05-11 15:01:34,Sales email (Priya Raman): sent,ACME-A001426
sydney.peterson@maldonadollc.example.com,2026-05-11 23:53:57,Sales email (Marcus Lee): replied,ACME-A001444
gina.page@youngvasquezandodonnell.example.com,2026-05-12 01:19:10,Sales email (Priya Raman): sent,ACME-A001447
michael.herring@gilbertwalkerandrose.example.com,2026-05-12 04:55:23,Sales email (Grace Kim): sent,ACME-A001451
thomas.huang@dunnmiller.example.com,2026-05-13 00:13:31,Sales email (Dana Whitfield): sent,ACME-A001490
jacob.smith@bennettkingandsimmons.example.com,2026-05-13 09:14:19,Sales email (Owen Brooks): sent,ACME-A001510
erin.jennings@adamsplc.example.com,2026-05-13 10:22:53,Sales email (Owen Brooks): sent,ACME-A001512
kimberly.ward@matthewsgroup.example.com,2026-05-13 21:31:50,Sales email (Grace Kim): replied,ACME-A001539
darin.schmidt@connerllc.example.com,2026-05-13 22:20:59,Sales email (Dana Whitfield): sent,ACME-A001541
michael.mckinney@foleymaxwellandrice.example.com,2026-05-14 00:31:07,Sales email (Dana Whitfield): replied,ACME-A001546
michael.mckinney@foleymaxwellandrice.example.com,2026-05-14 00:39:08,Sales email (Dana Whitfield): replied,ACME-A001547
lisa.mays@lanemoore.example.com,2026-05-14 09:06:22,Sales email (Priya Raman): sent,ACME-A001558
gabrielle.riley@jordanmcbrideandsantos.example.com,2026-05-14 20:29:18,Sales email (Dana Whitfield): replied,ACME-A001586
oscar.franco@kingrios.example.com,2026-05-14 21:31:25,Sales email (Dana Whitfield): replied,ACME-A001588
james.flores@lopezparkerandacevedo.example.com,2026-05-14 21:40:48,Sales email (Marcus Lee): replied,ACME-A001590
lori.jackson@robinsonatkinsanddavis.example.com,2026-05-15 02:25:08,Sales email (Marcus Lee): sent,ACME-A001596
wendy.brock@perezdillon.example.com,2026-05-15 05:01:02,Sales email (Grace Kim): sent,ACME-A001604
tristan.robinson@kellycarr.example.com,2026-05-15 08:34:20,Sales email (Dana Whitfield): sent,ACME-A001608
jennifer.valenzuela@wilsonhouse.example.com,2026-05-15 12:54:38,Sales email (Dana Whitfield): bounced,ACME-A001620
donna.peterson@johnsonsandovalandphelps.example.com,2026-05-15 21:25:06,Sales email (Owen Brooks): sent,ACME-A001639
chelsea.phillips@sharpllc.example.com,2026-05-15 23:03:53,Sales email (Dana Whitfield): sent,ACME-A001648
regina.cole@adamsharris.example.com,2026-05-16 01:41:42,Sales email (Grace Kim): sent,ACME-A001656
derrick.benton@bradyjohnsonandnguyen.example.com,2026-05-16 07:58:54,Sales email (Acme Round Robin): sent,ACME-A001671
kimberly.ward@matthewsgroup.example.com,2026-05-16 10:12:09,Sales email (Grace Kim): sent,ACME-A001674
michael.mckinney@foleymaxwellandrice.example.com,2026-05-16 13:16:52,Sales email (Dana Whitfield): sent,ACME-A001679
monica.fisher@robertsandsons.example.com,2026-05-16 14:45:48,Sales email (Dana Whitfield): sent,ACME-A001681
jennifer.valenzuela@wilsonhouse.example.com,2026-05-17 09:29:27,Sales email (Dana Whitfield): replied,ACME-A001704
erin.jennings@adamsplc.example.com,2026-05-17 23:21:15,Sales email (Owen Brooks): bounced,ACME-A001722
michael.lopez@millerandsons.example.com,2026-05-18 06:25:01,Sales email (Jordan Ellis): sent,ACME-A001731
thomas.huang@dunnmiller.example.com,2026-05-18 06:54:13,Sales email (Dana Whitfield): bounced,ACME-A001732
steven.morgan@roachandersonandbrown.example.com,2026-05-18 07:15:27,Sales email (Marcus Lee): sent,ACME-A001733
bonnie.tanner@murilloandsons.example.com,2026-05-18 17:44:21,Sales email (Priya Raman): replied,ACME-A001750
jacob.ryan@holmesinc.example.com,2026-05-19 07:02:38,Sales email (Dana Whitfield): sent,ACME-A001782
regina.cole@adamsharris.example.com,2026-05-19 15:50:43,Sales email (Grace Kim): sent,ACME-A001797
heather.blair@franklinllc.example.com,2026-05-20 00:33:45,Sales email (Owen Brooks): sent,ACME-A001812
natalie.martinez@smithewingandstewart.example.com,2026-05-20 00:54:11,Sales email (Grace Kim): sent,ACME-A001813
henry.nielsen@olsengroup.example.com,2026-05-20 10:47:03,Sales email (Jordan Ellis): sent,ACME-A001827
brian.shaw@weberinc.example.com,2026-05-20 14:59:23,Sales email (Sofia Alvarez): sent,ACME-A001834
alexandra.morrow@rodriguezgarciaandjackso.example.com,2026-05-21 10:23:25,Sales email (Priya Raman): replied,ACME-A001858
monica.fisher@robertsandsons.example.com,2026-05-21 14:54:28,Sales email (Dana Whitfield): replied,ACME-A001875
amanda.garcia@wuinc.example.com,2026-05-21 18:52:36,Sales email (Owen Brooks): sent,ACME-A001891
emma.mcmahon@perezgroup.example.com,2026-05-21 22:53:02,Sales email (Priya Raman): sent,ACME-A001897
rebecca.reyes@smithandsons.example.com,2026-05-22 01:18:00,Sales email (Priya Raman): sent,ACME-A001905
lisa.mays@lanemoore.example.com,2026-05-22 09:17:58,Sales email (Priya Raman): replied,ACME-A001920
jacob.smith@bennettkingandsimmons.example.com,2026-05-22 09:20:37,Sales email (Owen Brooks): sent,ACME-A001921
derrick.benton@bradyjohnsonandnguyen.example.com,2026-05-22 15:28:14,Sales email (Acme Round Robin): sent,ACME-A001935
austin.taylor@kochinc.example.com,2026-05-22 19:39:03,Sales email (Priya Raman): sent,ACME-A001951
jeffrey.perez@friedmandiaz.example.com,2026-05-22 21:13:06,Sales email (Priya Raman): sent,ACME-A001957
matthew.brown@sullivanshelton.example.com,2026-05-23 00:48:03,Sales email (Sofia Alvarez): sent,ACME-A001962
dustin.gardner@jenkinsevans.example.com,2026-05-23 04:40:58,Sales email (Sofia Alvarez): sent,ACME-A001972
bonnie.tanner@murilloandsons.example.com,2026-05-24 02:38:52,Sales email (Priya Raman): sent,ACME-A002007
anna.hampton@myersjacksonandchoi.example.com,2026-05-24 13:02:09,Sales email (Jordan Ellis): replied,ACME-A002027
roger.pugh@sotowilson.example.com,2026-05-25 01:07:47,Sales email (Sofia Alvarez): sent,ACME-A002038
regina.cole@adamsharris.example.com,2026-05-25 07:10:18,Sales email (Grace Kim): sent,ACME-A002050
john.matthews@christensenabbott.example.com,2026-05-25 21:18:02,Sales email (Jordan Ellis): sent,ACME-A002088
timothy.white@wilsongroup.example.com,2026-05-26 02:09:58,Sales email (Marcus Lee): sent,ACME-A002098
elizabeth.brennan@woodmartin.example.com,2026-05-26 02:59:26,Sales email (Dana Whitfield): sent,ACME-A002099
thomas.hunt@vaughanhall.example.com,2026-05-26 03:23:36,Sales email (Owen Brooks): sent,ACME-A002100
heather.cole@fostershea.example.com,2026-05-26 04:02:31,Sales email (Sofia Alvarez): sent,ACME-A002101
manuel.thompson@cherryplc.example.com,2026-05-26 08:13:45,Sales email (Sofia Alvarez): replied,ACME-A002105
ronald.torres@alvaradostrong.example.com,2026-05-26 11:42:47,Sales email (Priya Raman): sent,ACME-A002111
jennifer.newton@martinthompson.example.com,2026-05-26 12:56:19,Sales email (Priya Raman): replied,ACME-A002112
natalie.martinez@smithewingandstewart.example.com,2026-05-26 17:09:17,Sales email (Grace Kim): sent,ACME-A002121
natalie.martinez@smithewingandstewart.example.com,2026-05-27 03:34:53,Sales email (Grace Kim): sent,ACME-A002139
shelly.rivera@wardltd.example.com,2026-05-27 07:02:29,Sales email (Acme Round Robin): sent,ACME-A002143
dawn.jenkins@villarrealllc.example.com,2026-05-27 07:12:05,Sales email (Priya Raman): sent,ACME-A002145
kathy.johnson@davischristianandfitzger.example.com,2026-05-27 11:29:45,Sales email (Dana Whitfield): sent,ACME-A002152
eric.hopkins@jonesinc.example.com,2026-05-27 15:17:16,Sales email (Jordan Ellis): sent,ACME-A002160
henry.nielsen@olsengroup.example.com,2026-05-27 16:49:13,Sales email (Jordan Ellis): sent,ACME-A002165
alexis.nichols@goldenchapmanandgonzalez.example.com,2026-05-27 21:05:55,Sales email (Acme Round Robin): replied,ACME-A002173
timothy.white@wilsongroup.example.com,2026-05-28 04:03:14,Sales email (Marcus Lee): replied,ACME-A002183
alexandra.morrow@rodriguezgarciaandjackso.example.com,2026-05-28 10:25:56,Sales email (Priya Raman): sent,ACME-A002194
michael.herring@gilbertwalkerandrose.example.com,2026-05-28 19:44:49,Sales email (Grace Kim): sent,ACME-A002209
donna.peterson@johnsonsandovalandphelps.example.com,2026-05-28 20:02:39,Sales email (Owen Brooks): replied,ACME-A002210
alexandra.morrow@rodriguezgarciaandjackso.example.com,2026-05-28 22:35:56,Sales email (Priya Raman): sent,ACME-A002214
michael.lopez@millerandsons.example.com,2026-05-28 22:38:56,Sales email (Jordan Ellis): sent,ACME-A002215
kristin.king@andrewsinc.example.com,2026-05-30 02:51:06,Sales email (Priya Raman): sent,ACME-A002265
heather.cole@fostershea.example.com,2026-05-30 20:37:11,Sales email (Sofia Alvarez): sent,ACME-A002285
thomas.hunt@vaughanhall.example.com,2026-05-31 11:25:26,Sales email (Owen Brooks): bounced,ACME-A002317
lisa.mays@lanemoore.example.com,2026-05-31 12:01:25,Sales email (Priya Raman): sent,ACME-A002319
jennifer.kane@floresplc.example.com,2026-05-31 12:56:02,Sales email (Jordan Ellis): sent,ACME-A002320
henry.nielsen@olsengroup.example.com,2026-05-31 15:37:19,Sales email (Jordan Ellis): sent,ACME-A002323
james.ramirez@douglaspineda.example.com,2026-05-31 16:55:35,Sales email (Priya Raman): sent,ACME-A002325
brittany.white@cochrangroup.example.com,2026-05-31 21:19:29,Sales email (Marcus Lee): sent,ACME-A002336
tristan.robinson@kellycarr.example.com,2026-05-31 23:24:54,Sales email (Dana Whitfield): sent,ACME-A002341
jennifer.valenzuela@wilsonhouse.example.com,2026-06-01 01:38:16,Sales email (Dana Whitfield): replied,ACME-A002348
gina.page@youngvasquezandodonnell.example.com,2026-06-01 04:45:52,Sales email (Priya Raman): sent,ACME-A002353
henry.nielsen@olsengroup.example.com,2026-06-01 07:09:09,Sales email (Jordan Ellis): sent,ACME-A002358
lauren.garcia@wilkinsonkelleyandhughes.example.com,2026-06-01 09:39:02,Sales email (Grace Kim): bounced,ACME-A002360
joshua.herrera@gutierrezinc.example.com,2026-06-01 13:23:17,Sales email (Dana Whitfield): sent,ACME-A002368
john.matthews@christensenabbott.example.com,2026-06-01 14:19:05,Sales email (Jordan Ellis): sent,ACME-A002370
james.vargas@duffyruiz.example.com,2026-06-01 18:27:57,Sales email (Grace Kim): replied,ACME-A002379
henry.nielsen@olsengroup.example.com,2026-06-01 21:20:48,Sales email (Jordan Ellis): sent,ACME-A002387
alexandra.morrow@rodriguezgarciaandjackso.example.com,2026-06-02 12:02:34,Sales email (Priya Raman): sent,ACME-A002415
elizabeth.brennan@woodmartin.example.com,2026-06-02 19:13:06,Sales email (Dana Whitfield): sent,ACME-A002433
peter.smith@gatesandsons.example.com,2026-06-03 13:04:33,Sales email (Marcus Lee): sent,ACME-A002457
brittany.bradford@millertorres.example.com,2026-06-03 13:56:05,Sales email (Grace Kim): sent,ACME-A002460
bonnie.tanner@murilloandsons.example.com,2026-06-03 14:23:19,Sales email (Priya Raman): sent,ACME-A002464
jessica.novak@johnsonstevensandtran.example.com,2026-06-03 23:31:59,Sales email (Priya Raman): replied,ACME-A002488
amy.bennett@greenoliverandjones.example.com,2026-06-04 07:43:50,Sales email (Sofia Alvarez): sent,ACME-A002501
martin.ross@barrerainc.example.com,2026-06-04 09:52:28,Sales email (Priya Raman): sent,ACME-A002506
james.ramirez@douglaspineda.example.com,2026-06-05 13:18:57,Sales email (Priya Raman): sent,ACME-A002563
nichole.martin@rodriguezbailey.example.com,2026-06-05 15:30:40,Sales email (Dana Whitfield): sent,ACME-A002569
sydney.peterson@maldonadollc.example.com,2026-06-05 18:51:38,Sales email (Marcus Lee): replied,ACME-A002574
emily.walker@rogersadams.example.com,2026-06-05 20:37:16,Sales email (Grace Kim): sent,ACME-A002578
steven.morgan@roachandersonandbrown.example.com,2026-06-06 02:57:54,Sales email (Marcus Lee): bounced,ACME-A002588
john.matthews@christensenabbott.example.com,2026-06-06 04:03:33,Sales email (Jordan Ellis): sent,ACME-A002589
philip.edwards@jenkinsvelazquez.example.com,2026-06-06 13:22:19,Sales email (Dana Whitfield): sent,ACME-A002605
elizabeth.brennan@woodmartin.example.com,2026-06-06 19:50:50,Sales email (Dana Whitfield): sent,ACME-A002615
timothy.white@wilsongroup.example.com,2026-06-07 05:39:09,Sales email (Marcus Lee): sent,ACME-A002623
lauren.garcia@wilkinsonkelleyandhughes.example.com,2026-06-07 14:14:44,Sales email (Grace Kim): sent,ACME-A002636
lauren.garcia@wilkinsonkelleyandhughes.example.com,2026-06-07 21:45:45,Sales email (Grace Kim): sent,ACME-A002646
kimberly.harris@evansbrownandscott.example.com,2026-06-07 22:31:22,Sales email (Jordan Ellis): sent,ACME-A002649
lauren.garcia@wilkinsonkelleyandhughes.example.com,2026-06-08 05:33:06,Sales email (Grace Kim): sent,ACME-A002660
jennifer.newton@martinthompson.example.com,2026-06-08 11:29:26,Sales email (Priya Raman): sent,ACME-A002667
kathy.johnson@davischristianandfitzger.example.com,2026-06-08 22:15:34,Sales email (Dana Whitfield): sent,ACME-A002696
joshua.herrera@gutierrezinc.example.com,2026-06-09 07:51:00,Sales email (Dana Whitfield): sent,ACME-A002712
john.matthews@christensenabbott.example.com,2026-06-09 08:15:19,Sales email (Jordan Ellis): replied,ACME-A002713
adam.woodard@taylorfrost.example.com,2026-06-10 04:29:05,Sales email (Sofia Alvarez): sent,ACME-A002768
bonnie.tanner@murilloandsons.example.com,2026-06-10 09:39:03,Sales email (Priya Raman): sent,ACME-A002777
robert.cunningham@guerrerokingandmoon.example.com,2026-06-10 11:47:22,Sales email (Sofia Alvarez): bounced,ACME-A002780
timothy.white@wilsongroup.example.com,2026-06-10 12:23:02,Sales email (Marcus Lee): sent,ACME-A002783
brent.haynes@weberinc.example.com,2026-06-10 20:41:55,Sales email (Sofia Alvarez): sent,ACME-A002795
jeffrey.ramirez@dixonchapman.example.com,2026-06-11 01:54:30,Sales email (Owen Brooks): sent,ACME-A002805
john.matthews@christensenabbott.example.com,2026-06-11 09:31:14,Sales email (Jordan Ellis): sent,ACME-A002818
kimberly.tran@sandersllc.example.com,2026-06-11 18:27:24,Sales email (Dana Whitfield): sent,ACME-A002832
kathy.johnson@davischristianandfitzger.example.com,2026-06-11 22:42:46,Sales email (Dana Whitfield): sent,ACME-A002844
jacob.hutchinson@wilsonkimandwallace.example.com,2026-06-12 00:50:00,Sales email (Priya Raman): bounced,ACME-A002845
briana.calderon@berryrodriguez.example.com,2026-06-12 00:56:51,Sales email (Dana Whitfield): sent,ACME-A002846
james.ramirez@douglaspineda.example.com,2026-06-12 01:43:43,Sales email (Priya Raman): sent,ACME-A002848
jennifer.newton@martinthompson.example.com,2026-06-12 02:30:18,Sales email (Priya Raman): sent,ACME-A002849
victoria.johnson@huberleonardandcruz.example.com,2026-06-12 12:16:35,Sales email (Priya Raman): sent,ACME-A002869
angela.sullivan@martinsutton.example.com,2026-06-12 20:10:00,Sales email (Dana Whitfield): sent,ACME-A002886
gregg.torres@lewisltd.example.com,2026-06-12 20:37:19,Sales email (Marcus Lee): bounced,ACME-A002887
carrie.strong@scottblackandthompson.example.com,2026-06-13 14:09:50,Sales email (Jordan Ellis): sent,ACME-A002923
kathy.johnson@davischristianandfitzger.example.com,2026-06-13 18:30:56,Sales email (Dana Whitfield): sent,ACME-A002932
kelly.page@hillgroup.example.com,2026-06-13 20:18:50,Sales email (Acme Round Robin): sent,ACME-A002935
amanda.roberts@gonzalezinc.example.com,2026-06-13 22:52:11,Sales email (Owen Brooks): sent,ACME-A002940
nicholas.clay@briggsbrown.example.com,2026-06-14 03:35:49,Sales email (Sofia Alvarez): sent,ACME-A002945
colleen.faulkner@mccoyplc.example.com,2026-06-14 05:51:06,Sales email (Owen Brooks): sent,ACME-A002947
kathy.johnson@davischristianandfitzger.example.com,2026-06-14 13:18:13,Sales email (Dana Whitfield): sent,ACME-A002963
lauren.garcia@wilkinsonkelleyandhughes.example.com,2026-06-14 23:31:06,Sales email (Grace Kim): sent,ACME-A002977
tracey.adams@powellacostaandwatson.example.com,2026-06-15 03:53:22,Sales email (Marcus Lee): replied,ACME-A002983
gabriel.patton@langltd.example.com,2026-06-15 05:34:09,Sales email (Sofia Alvarez): sent,ACME-A002987
jacob.hutchinson@wilsonkimandwallace.example.com,2026-06-15 06:15:53,Sales email (Priya Raman): sent,ACME-A002989
elizabeth.brennan@woodmartin.example.com,2026-06-15 21:27:42,Sales email (Dana Whitfield): sent,ACME-A003024
lauren.garcia@wilkinsonkelleyandhughes.example.com,2026-06-16 00:14:13,Sales email (Grace Kim): sent,ACME-A003032
lauren.garcia@wilkinsonkelleyandhughes.example.com,2026-06-17 02:54:03,Sales email (Grace Kim): sent,ACME-A003082
angela.sullivan@martinsutton.example.com,2026-06-18 03:35:24,Sales email (Dana Whitfield): sent,ACME-A003129
kathy.johnson@davischristianandfitzger.example.com,2026-06-18 06:39:20,Sales email (Dana Whitfield): sent,ACME-A003134
colleen.faulkner@mccoyplc.example.com,2026-06-19 09:07:45,Sales email (Owen Brooks): sent,ACME-A003174
david.white@littlellc.example.com,2026-06-19 11:16:39,Sales email (Acme Round Robin): replied,ACME-A003176
eric.gonzales@fordmooreandlewis.example.com,2026-06-19 11:44:51,Sales email (Marcus Lee): sent,ACME-A003177
ashley.morris@harrisoninc.example.com,2026-06-19 17:49:19,Sales email (Sofia Alvarez): sent,ACME-A003192
jennifer.curry@cherryltd.example.com,2026-06-19 20:17:34,Sales email (Dana Whitfield): sent,ACME-A003198
debra.joseph@greeneguerreroandrivera.example.com,2026-06-19 21:57:28,Sales email (Jordan Ellis): sent,ACME-A003204
gregory.townsend@campbellriveraandlane.example.com,2026-06-20 02:48:35,Sales email (Acme Round Robin): sent,ACME-A003211
donna.peterson@johnsonsandovalandphelps.example.com,2026-06-20 09:56:19,Sales email (Owen Brooks): sent,ACME-A003223
nichole.martin@rodriguezbailey.example.com,2026-06-20 12:39:39,Sales email (Dana Whitfield): sent,ACME-A003226
heather.blair@franklinllc.example.com,2026-06-20 13:29:22,Sales email (Owen Brooks): sent,ACME-A003228
travis.poole@garrisonzhang.example.com,2026-06-20 18:21:44,Sales email (Marcus Lee): sent,ACME-A003233
john.matthews@christensenabbott.example.com,2026-06-21 01:52:56,Sales email (Jordan Ellis): sent,ACME-A003240
marc.johnson@willisandrews.example.com,2026-06-21 04:51:06,Sales email (Dana Whitfield): sent,ACME-A003243
david.robinson@davisdeanandcallahan.example.com,2026-06-21 09:37:37,Sales email (Owen Brooks): replied,ACME-A003251
tina.adams@herrerahernandez.example.com,2026-06-21 20:08:31,Sales email (Dana Whitfield): sent,ACME-A003269
eric.gonzales@fordmooreandlewis.example.com,2026-06-22 07:24:50,Sales email (Marcus Lee): sent,ACME-A003281
brittany.bradford@millertorres.example.com,2026-06-22 10:38:55,Sales email (Grace Kim): sent,ACME-A003288
edward.rodriguez@stephensmartin.example.com,2026-06-22 12:19:36,Sales email (Priya Raman): replied,ACME-A003293
deborah.daniels@bauergroup.example.com,2026-06-22 14:03:47,Sales email (Sofia Alvarez): sent,ACME-A003294
kathy.johnson@davischristianandfitzger.example.com,2026-06-22 15:23:08,Sales email (Dana Whitfield): replied,ACME-A003295
jamie.davis@jonesdennisandthompson.example.com,2026-06-22 19:34:54,Sales email (Jordan Ellis): sent,ACME-A003303
jason.goodwin@brookspoole.example.com,2026-06-22 23:22:04,Sales email (Dana Whitfield): sent,ACME-A003308
kenneth.porter@davisrodriguez.example.com,2026-06-23 00:14:56,Sales email (Priya Raman): sent,ACME-A003309
dana.yang@bennettmartinez.example.com,2026-06-23 00:51:50,Sales email (Grace Kim): replied,ACME-A003311
jamie.davis@jonesdennisandthompson.example.com,2026-06-23 06:28:29,Sales email (Jordan Ellis): sent,ACME-A003317
chase.butler@jamesltd.example.com,2026-06-23 10:42:57,Sales email (Priya Raman): sent,ACME-A003323
donna.peterson@johnsonsandovalandphelps.example.com,2026-06-24 05:07:45,Sales email (Owen Brooks): replied,ACME-A003354
jamie.davis@jonesdennisandthompson.example.com,2026-06-24 07:31:18,Sales email (Jordan Ellis): sent,ACME-A003361
leslie.benjamin@willisplc.example.com,2026-06-24 19:14:10,Sales email (Grace Kim): sent,ACME-A003386
kimberly.parker@scottdawsonandhines.example.com,2026-06-24 21:55:32,Sales email (Dana Whitfield): sent,ACME-A003391
angela.sullivan@martinsutton.example.com,2026-06-25 03:36:01,Sales email (Dana Whitfield): sent,ACME-A003397
kimberly.tran@sandersllc.example.com,2026-06-25 07:51:09,Sales email (Dana Whitfield): sent,ACME-A003403
joe.caldwell@browningkerr.example.com,2026-06-25 15:56:55,Sales email (Sofia Alvarez): replied,ACME-A003417
melanie.phillips@cooperortiz.example.com,2026-06-25 16:23:43,Sales email (Dana Whitfield): bounced,ACME-A003418
melanie.phillips@cooperortiz.example.com,2026-06-25 21:49:06,Sales email (Dana Whitfield): replied,ACME-A003427
kimberly.tran@sandersllc.example.com,2026-06-26 02:31:49,Sales email (Dana Whitfield): sent,ACME-A003441
carrie.strong@scottblackandthompson.example.com,2026-06-26 03:59:54,Sales email (Jordan Ellis): sent,ACME-A003446
brent.haynes@weberinc.example.com,2026-06-26 06:14:24,Sales email (Sofia Alvarez): sent,ACME-A003449
kimberly.parker@scottdawsonandhines.example.com,2026-06-27 11:15:29,Sales email (Dana Whitfield): sent,ACME-A003503
chase.butler@jamesltd.example.com,2026-06-27 13:38:53,Sales email (Priya Raman): sent,ACME-A003506
jamie.davis@jonesdennisandthompson.example.com,2026-06-27 21:30:44,Sales email (Jordan Ellis): sent,ACME-A003520
angela.smith@morrisonarellano.example.com,2026-06-28 10:24:49,Sales email (Priya Raman): sent,ACME-A003542
paula.wilson@fieldssingh.example.com,2026-06-29 00:08:19,Sales email (Priya Raman): sent,ACME-A003560
michael.hill@hensleywolfandpeters.example.com,2026-06-29 08:16:30,Sales email (Sofia Alvarez): sent,ACME-A003573
brent.haynes@weberinc.example.com,2026-06-29 08:20:52,Sales email (Sofia Alvarez): sent,ACME-A003575
gregory.townsend@campbellriveraandlane.example.com,2026-06-29 09:08:37,Sales email (Acme Round Robin): sent,ACME-A003576
mia.burns@bakercarrandmoore.example.com,2026-06-29 09:28:49,Sales email (Dana Whitfield): sent,ACME-A003578
lori.jackson@robinsonatkinsanddavis.example.com,2026-06-29 14:22:21,Sales email (Marcus Lee): replied,ACME-A003589
kelly.page@hillgroup.example.com,2026-06-30 00:43:26,Sales email (Acme Round Robin): sent,ACME-A003609
leslie.benjamin@willisplc.example.com,2026-06-30 00:45:21,Sales email (Grace Kim): replied,ACME-A003610
lauren.garcia@wilkinsonkelleyandhughes.example.com,2026-06-30 03:11:48,Sales email (Grace Kim): sent,ACME-A003614
jamie.davis@jonesdennisandthompson.example.com,2026-06-30 03:51:46,Sales email (Jordan Ellis): sent,ACME-A003616
robert.gordon@andersondominguezandsmit.example.com,2026-06-30 05:18:55,Sales email (Marcus Lee): sent,ACME-A003618
kimberly.tran@sandersllc.example.com,2026-06-30 08:21:47,Sales email (Dana Whitfield): sent,ACME-A003622
gabriel.patton@langltd.example.com,2026-06-30 13:29:25,Sales email (Sofia Alvarez): sent,ACME-A003628
mia.burns@bakercarrandmoore.example.com,2026-06-30 21:39:43,Sales email (Dana Whitfield): replied,ACME-A003657
wyatt.cox@lawsongroup.example.com,2026-07-01 10:21:12,Sales email (Sofia Alvarez): sent,ACME-A003680
mia.burns@bakercarrandmoore.example.com,2026-07-01 21:02:28,Sales email (Dana Whitfield): replied,ACME-A003703
robert.webster@kramerltd.example.com,2026-07-02 19:08:36,Sales email (Priya Raman): replied,ACME-A003744
angela.smith@morrisonarellano.example.com,2026-07-03 04:19:29,Sales email (Priya Raman): sent,ACME-A003761
chase.butler@jamesltd.example.com,2026-07-03 10:36:56,Sales email (Priya Raman): replied,ACME-A003769
sandra.hernandez@romanroberts.example.com,2026-07-03 11:59:16,Sales email (Owen Brooks): sent,ACME-A003773
michael.bray@nortongroup.example.com,2026-07-03 15:03:09,Sales email (Marcus Lee): sent,ACME-A003780
melinda.galloway@smithltd.example.com,2026-07-04 01:08:38,Sales email (Marcus Lee): sent,ACME-A003804
elizabeth.brennan@woodmartin.example.com,2026-07-04 16:06:30,Sales email (Dana Whitfield): sent,ACME-A003822
robert.webster@kramerltd.example.com,2026-07-04 17:29:16,Sales email (Priya Raman): sent,ACME-A003823
jacob.hutchinson@wilsonkimandwallace.example.com,2026-07-05 15:18:46,Sales email (Priya Raman): sent,ACME-A003853
deborah.daniels@bauergroup.example.com,2026-07-06 07:37:36,Sales email (Sofia Alvarez): sent,ACME-A003883
robert.webster@kramerltd.example.com,2026-07-06 11:03:50,Sales email (Priya Raman): sent,ACME-A003889
richard.wilson@ramirezgonzalez.example.com,2026-07-06 11:57:27,Sales email (Marcus Lee): replied,ACME-A003894
samantha.harrison@armstrongglassandspencer.example.com,2026-07-06 19:44:26,Sales email (Dana Whitfield): sent,ACME-A003918
deborah.daniels@bauergroup.example.com,2026-07-06 23:30:18,Sales email (Sofia Alvarez): sent,ACME-A003929
timothy.white@wilsongroup.example.com,2026-07-07 01:18:28,Sales email (Marcus Lee): sent,ACME-A003931
robert.mann@clarkthomasandrobinson.example.com,2026-07-07 16:17:15,Sales email (Jordan Ellis): sent,ACME-A003959
melinda.galloway@smithltd.example.com,2026-07-07 20:10:59,Sales email (Marcus Lee): sent,ACME-A003969
timothy.white@wilsongroup.example.com,2026-07-08 01:38:24,Sales email (Marcus Lee): sent,ACME-A003985
john.meyer@andrewsmorris.example.com,2026-07-08 21:24:04,Sales email (Sofia Alvarez): sent,ACME-A004026
ashley.morris@harrisoninc.example.com,2026-07-09 07:32:29,Sales email (Sofia Alvarez): replied,ACME-A004041
rebecca.gardner@cooperltd.example.com,2026-07-09 11:50:18,Sales email (Jordan Ellis): replied,ACME-A004055
angela.smith@morrisonarellano.example.com,2026-07-09 12:07:43,Sales email (Priya Raman): sent,ACME-A004056
christian.nguyen@nguyenpattersonandmartin.example.com,2026-07-09 20:35:06,Sales email (Marcus Lee): sent,ACME-A004076
jessica.shannon@perrybellandford.example.com,2026-07-10 07:58:17,Sales email (Priya Raman): sent,ACME-A004103
john.brooks@brownplc.example.com,2026-07-10 21:20:36,Sales email (Priya Raman): sent,ACME-A004131
eddie.perez@wattsltd.example.com,2026-07-11 11:16:41,Sales email (Marcus Lee): sent,ACME-A004149
kelly.page@hillgroup.example.com,2026-07-11 20:37:52,Sales email (Acme Round Robin): sent,ACME-A004162
cynthia.steele@penalowe.example.com,2026-07-13 19:29:06,Sales email (Owen Brooks): sent,ACME-A004244
brittany.bradford@millertorres.example.com,2026-07-13 20:59:23,Sales email (Grace Kim): sent,ACME-A004247
robert.mann@clarkthomasandrobinson.example.com,2026-07-13 21:07:14,Sales email (Jordan Ellis): sent,ACME-A004249
gregory.townsend@campbellriveraandlane.example.com,2026-07-13 21:54:45,Sales email (Acme Round Robin): sent,ACME-A004250
john.meyer@andrewsmorris.example.com,2026-07-14 01:06:52,Sales email (Sofia Alvarez): sent,ACME-A004255
george.wallace@andersonwalker.example.com,2026-07-14 02:55:52,Sales email (Owen Brooks): sent,ACME-A004259
joe.caldwell@browningkerr.example.com,2026-07-14 03:02:51,Sales email (Sofia Alvarez): sent,ACME-A004260
michelle.harris@mcmillankimandpearson.example.com,2026-07-14 11:30:53,Sales email (Marcus Lee): sent,ACME-A004277
danielle.marquez@mooremoore.example.com,2026-07-14 16:34:33,Sales email (Jordan Ellis): sent,ACME-A004294
michael.mcdonald@mckenzieandsons.example.com,2026-07-14 22:01:46,Sales email (Sofia Alvarez): replied,ACME-A004310
george.wallace@andersonwalker.example.com,2026-07-15 02:37:47,Sales email (Owen Brooks): replied,ACME-A004320
jennifer.kane@floresplc.example.com,2026-07-15 03:55:53,Sales email (Jordan Ellis): sent,ACME-A004325
arthur.haynes@garciaschaeferandeaton.example.com,2026-07-15 21:10:54,Sales email (Sofia Alvarez): replied,ACME-A004359
wendy.taylor@nelsonllc.example.com,2026-07-15 21:52:23,Sales email (Jordan Ellis): sent,ACME-A004361
leslie.benjamin@willisplc.example.com,2026-07-16 00:38:44,Sales email (Grace Kim): sent,ACME-A004368
joe.caldwell@browningkerr.example.com,2026-07-16 04:17:41,Sales email (Sofia Alvarez): sent,ACME-A004376
angela.fisher@kennedyshepardandmyers.example.com,2026-07-16 15:06:25,Sales email (Grace Kim): replied,ACME-A004398
lacey.burch@floresgroup.example.com,2026-07-16 15:28:12,Sales email (Jordan Ellis): sent,ACME-A004399
rachel.bryant@santosinc.example.com,2026-07-16 18:45:34,Sales email (Sofia Alvarez): sent,ACME-A004408
albert.clark@rochamckayandanderson.example.com,2026-07-16 20:29:43,Sales email (Jordan Ellis): sent,ACME-A004412
eddie.perez@wattsltd.example.com,2026-07-17 05:10:38,Sales email (Marcus Lee): sent,ACME-A004433
brittany.sosa@bradshawgroup.example.com,2026-07-17 06:48:13,Sales email (Dana Whitfield): sent,ACME-A004436
elizabeth.lopez@hardinnguyen.example.com,2026-07-17 13:13:33,Sales email (Dana Whitfield): sent,ACME-A004454
cynthia.cantu@mayllc.example.com,2026-07-17 16:21:18,Sales email (Acme Round Robin): sent,ACME-A004459
aaron.quinn@nortonmorris.example.com,2026-07-18 06:55:46,Sales email (Owen Brooks): sent,ACME-A004496
stacey.moran@mckenziegibbs.example.com,2026-07-18 10:55:37,Sales email (Sofia Alvarez): bounced,ACME-A004499
stephanie.perez@jonesgriffinandsmith.example.com,2026-07-18 17:33:51,Sales email (Owen Brooks): sent,ACME-A004512
jessica.shannon@perrybellandford.example.com,2026-07-18 19:36:21,Sales email (Priya Raman): sent,ACME-A004515
jasmin.ward@walkerwebb.example.com,2026-07-18 22:12:44,Sales email (Sofia Alvarez): sent,ACME-A004522
kelly.harrison@millerltd.example.com,2026-07-19 07:32:54,Sales email (Priya Raman): sent,ACME-A004533
aaron.quinn@nortonmorris.example.com,2026-07-19 08:13:27,Sales email (Owen Brooks): bounced,ACME-A004535
aaron.quinn@nortonmorris.example.com,2026-07-19 09:25:02,Sales email (Owen Brooks): bounced,ACME-A004537
kelly.page@hillgroup.example.com,2026-07-19 13:24:56,Sales email (Acme Round Robin): sent,ACME-A004543
derrick.hale@romeroinc.example.com,2026-07-20 08:09:13,Sales email (Owen Brooks): sent,ACME-A004570
kelly.page@hillgroup.example.com,2026-07-21 03:27:34,Sales email (Acme Round Robin): sent,ACME-A004600
manuel.kennedy@littlewhiteandperkins.example.com,2026-07-21 16:22:40,Sales email (Dana Whitfield): sent,ACME-A004625
jasmin.ward@walkerwebb.example.com,2026-07-21 16:36:11,Sales email (Sofia Alvarez): replied,ACME-A004626
kathy.dixon@johnsonirwin.example.com,2026-07-22 02:18:19,Sales email (Dana Whitfield): sent,ACME-A004645
robert.mann@clarkthomasandrobinson.example.com,2026-07-22 07:46:29,Sales email (Jordan Ellis): sent,ACME-A004650
natalie.williams@stonejackson.example.com,2026-07-22 17:25:51,Sales email (Acme Round Robin): sent,ACME-A004677
jasmin.ward@walkerwebb.example.com,2026-07-23 09:55:51,Sales email (Sofia Alvarez): sent,ACME-A004704
joseph.williams@fisherplc.example.com,2026-07-23 18:05:09,Sales email (Sofia Alvarez): sent,ACME-A004724
savannah.fisher@mejiaandsons.example.com,2026-07-23 21:08:51,Sales email (Marcus Lee): replied,ACME-A004730
andrew.ortega@mcclainnguyen.example.com,2026-07-23 21:23:21,Sales email (Sofia Alvarez): replied,ACME-A004731
cynthia.doyle@millergroup.example.com,2026-07-24 05:03:59,Sales email (Grace Kim): sent,ACME-A004745
jasmin.ward@walkerwebb.example.com,2026-07-24 07:37:19,Sales email (Sofia Alvarez): sent,ACME-A004750
stacey.moran@mckenziegibbs.example.com,2026-07-24 16:26:02,Sales email (Sofia Alvarez): sent,ACME-A004771
kathy.dixon@johnsonirwin.example.com,2026-07-25 00:28:15,Sales email (Dana Whitfield): bounced,ACME-A004790
ashley.wilcox@nguyenllc.example.com,2026-07-25 05:46:19,Sales email (Priya Raman): sent,ACME-A004800
aaron.quinn@nortonmorris.example.com,2026-07-25 12:53:36,Sales email (Owen Brooks): sent,ACME-A004811
rebecca.gardner@cooperltd.example.com,2026-07-26 21:34:45,Sales email (Jordan Ellis): sent,ACME-A004849
richard.wilson@ramirezgonzalez.example.com,2026-07-28 04:27:36,Sales email (Marcus Lee): sent,ACME-A004894
ashley.rosario@carrillorodriguezandbear.example.com,2026-07-28 16:41:31,Sales email (Marcus Lee): sent,ACME-A004921
savannah.fisher@mejiaandsons.example.com,2026-07-29 04:44:01,Sales email (Marcus Lee): sent,ACME-A004944
john.brooks@brownplc.example.com,2026-07-29 10:50:23,Sales email (Priya Raman): bounced,ACME-A004954
george.wallace@andersonwalker.example.com,2026-07-29 11:23:00,Sales email (Owen Brooks): sent,ACME-A004958
robert.wise@barkerplc.example.com,2026-07-29 11:42:39,Sales email (Grace Kim): sent,ACME-A004960
stacey.long@belljohnsonandbrown.example.com,2026-07-29 15:59:16,Sales email (Dana Whitfield): sent,ACME-A004970
rhonda.hamilton@wolfanthonyandtaylor.example.com,2026-07-30 01:48:07,Sales email (Marcus Lee): sent,ACME-A004989
valerie.nguyen@garciaplc.example.com,2026-07-30 16:09:16,Sales email (Marcus Lee): sent,ACME-A005007
janet.smith@calhounandsons.example.com,2026-07-30 16:27:57,Sales email (Grace Kim): sent,ACME-A005009
tracy.lewis@hubersanchez.example.com,2026-07-30 17:32:47,Sales email (Priya Raman): replied,ACME-A005011
ashley.rosario@carrillorodriguezandbear.example.com,2026-07-30 22:05:53,Sales email (Marcus Lee): sent,ACME-A005017
julia.gonzalez@jonesolson.example.com,2026-07-31 11:55:28,Sales email (Jordan Ellis): sent,ACME-A005037
rebecca.gardner@cooperltd.example.com,2026-07-31 14:10:35,Sales email (Jordan Ellis): sent,ACME-A005041
jennifer.little@huertahammondandryan.example.com,2026-07-31 17:52:57,Sales email (Marcus Lee): replied,ACME-A005049
janet.smith@calhounandsons.example.com,2026-08-01 01:30:38,Sales email (Grace Kim): sent,ACME-A005067
michael.hill@hensleywolfandpeters.example.com,2026-08-01 06:59:05,Sales email (Sofia Alvarez): sent,ACME-A005074
brandi.jones@johnsonrosarioandferguso.example.com,2026-08-02 10:58:40,Sales email (Marcus Lee): sent,ACME-A005120
ruth.miller@taylorandsons.example.com,2026-08-02 11:19:59,Sales email (Marcus Lee): sent,ACME-A005121
rebecca.gardner@cooperltd.example.com,2026-08-02 12:08:10,Sales email (Jordan Ellis): sent,ACME-A005123
robert.adams@burnsgroup.example.com,2026-08-03 04:46:25,Sales email (Jordan Ellis): sent,ACME-A005148
crystal.johnson@hurleywrightandjones.example.com,2026-08-03 08:24:47,Sales email (Jordan Ellis): sent,ACME-A005157
angela.fisher@kennedyshepardandmyers.example.com,2026-08-04 01:50:27,Sales email (Grace Kim): sent,ACME-A005193
andrew.ortega@mcclainnguyen.example.com,2026-08-04 16:09:10,Sales email (Sofia Alvarez): replied,ACME-A005220
danielle.marquez@mooremoore.example.com,2026-08-04 20:46:01,Sales email (Jordan Ellis): sent,ACME-A005233
jon.jacobs@nelsonnguyen.example.com,2026-08-04 23:00:22,Sales email (Sofia Alvarez): sent,ACME-A005240
richard.cortez@sanchezplc.example.com,2026-08-05 10:39:29,Sales email (Jordan Ellis): sent,ACME-A005269
crystal.taylor@joneswalkerandmartinez.example.com,2026-08-07 08:00:30,Sales email (Dana Whitfield): sent,ACME-A005351
tracy.lewis@hubersanchez.example.com,2026-08-07 21:56:46,Sales email (Priya Raman): sent,ACME-A005375
richard.brock@bennettplc.example.com,2026-08-07 22:32:12,Sales email (Dana Whitfield): sent,ACME-A005379
jeffrey.simmons@parrishmiller.example.com,2026-08-08 02:44:02,Sales email (Grace Kim): sent,ACME-A005389
valerie.nguyen@garciaplc.example.com,2026-08-08 03:28:02,Sales email (Marcus Lee): sent,ACME-A005391
jeffrey.alvarado@ramossutton.example.com,2026-08-08 08:05:37,Sales email (Jordan Ellis): replied,ACME-A005402
manuel.kennedy@littlewhiteandperkins.example.com,2026-08-09 02:18:12,Sales email (Dana Whitfield): replied,ACME-A005429
crystal.taylor@joneswalkerandmartinez.example.com,2026-08-09 04:30:31,Sales email (Dana Whitfield): sent,ACME-A005430
george.wallace@andersonwalker.example.com,2026-08-09 19:20:03,Sales email (Owen Brooks): bounced,ACME-A005450
tracy.lewis@hubersanchez.example.com,2026-08-10 00:24:42,Sales email (Priya Raman): sent,ACME-A005460
danielle.marquez@mooremoore.example.com,2026-08-10 01:48:08,Sales email (Jordan Ellis): sent,ACME-A005462
danielle.marquez@mooremoore.example.com,2026-08-11 15:07:39,Sales email (Jordan Ellis): sent,ACME-A005528
donna.johnson@davisrossandsanchez.example.com,2026-08-12 12:27:54,Sales email (Marcus Lee): sent,ACME-A005569
nicholas.powell@greenbuckandrobinson.example.com,2026-08-12 12:47:12,Sales email (Dana Whitfield): sent,ACME-A005570
eric.mendoza@johnsonalexander.example.com,2026-08-12 17:24:42,Sales email (Sofia Alvarez): replied,ACME-A005585
glenn.beck@turnerreyesandfarley.example.com,2026-08-13 02:24:37,Sales email (Grace Kim): sent,ACME-A005603
benjamin.esparza@lopezandsons.example.com,2026-08-13 20:21:45,Sales email (Priya Raman): sent,ACME-A005637
malik.delgado@nicholsonplc.example.com,2026-08-14 02:15:23,Sales email (Marcus Lee): bounced,ACME-A005648
laura.ruiz@cooleymichael.example.com,2026-08-14 16:12:49,Sales email (Dana Whitfield): sent,ACME-A005684
samantha.reynolds@sloanplc.example.com,2026-08-14 18:21:22,Sales email (Jordan Ellis): sent,ACME-A005688
linda.monroe@carterinc.example.com,2026-08-14 20:55:33,Sales email (Sofia Alvarez): replied,ACME-A005693
anthony.alexander@everettbuckleyandmoore.example.com,2026-08-15 01:04:52,Sales email (Marcus Lee): sent,ACME-A005699
logan.campos@brennangroup.example.com,2026-08-15 03:10:37,Sales email (Sofia Alvarez): sent,ACME-A005701
lori.dennis@wilsonrodriguez.example.com,2026-08-15 05:31:01,Sales email (Jordan Ellis): sent,ACME-A005706
karen.smith@taylorturner.example.com,2026-08-15 09:31:53,Sales email (Owen Brooks): sent,ACME-A005713
connie.stevens@hamiltonmorgan.example.com,2026-08-15 11:02:08,Sales email (Sofia Alvarez): sent,ACME-A005715
donna.johnson@davisrossandsanchez.example.com,2026-08-15 16:02:06,Sales email (Marcus Lee): sent,ACME-A005722
jasmin.ward@walkerwebb.example.com,2026-08-15 22:31:19,Sales email (Sofia Alvarez): sent,ACME-A005732
linda.monroe@carterinc.example.com,2026-08-16 03:34:53,Sales email (Sofia Alvarez): sent,ACME-A005742
kevin.scott@turnerinc.example.com,2026-08-16 09:32:45,Sales email (Jordan Ellis): sent,ACME-A005754
laura.white@mcneilwilliamsandpark.example.com,2026-08-16 15:12:48,Sales email (Sofia Alvarez): sent,ACME-A005763
tammy.smith@kingholt.example.com,2026-08-17 16:35:56,Sales email (Owen Brooks): sent,ACME-A005808
nicole.brady@andrewsandsons.example.com,2026-08-17 19:56:42,Sales email (Marcus Lee): sent,ACME-A005817
stacey.hall@coxhowardandmedina.example.com,2026-08-18 00:31:29,Sales email (Sofia Alvarez): sent,ACME-A005823
jeffrey.simmons@parrishmiller.example.com,2026-08-18 12:00:29,Sales email (Grace Kim): sent,ACME-A005845
malik.delgado@nicholsonplc.example.com,2026-08-18 18:45:38,Sales email (Marcus Lee): sent,ACME-A005856
emily.lara@clarkplc.example.com,2026-08-18 20:10:18,Sales email (Sofia Alvarez): sent,ACME-A005858
anthony.alexander@everettbuckleyandmoore.example.com,2026-08-18 21:11:34,Sales email (Marcus Lee): sent,ACME-A005861
stacey.moran@mckenziegibbs.example.com,2026-08-19 02:27:30,Sales email (Sofia Alvarez): sent,ACME-A005873
eric.mendoza@johnsonalexander.example.com,2026-08-19 07:31:38,Sales email (Sofia Alvarez): sent,ACME-A005885
devon.carter@acevedollc.example.com,2026-08-19 23:08:48,Sales email (Jordan Ellis): sent,ACME-A005930
billy.melton@bradleyplc.example.com,2026-08-20 06:22:30,Sales email (Owen Brooks): sent,ACME-A005943
nicholas.powell@greenbuckandrobinson.example.com,2026-08-20 07:30:10,Sales email (Dana Whitfield): sent,ACME-A005945
mariah.wheeler@williamssmall.example.com,2026-08-20 18:10:59,Sales email (Dana Whitfield): sent,ACME-A005965
samuel.jordan@alvaradomayo.example.com,2026-08-21 12:23:59,Sales email (Jordan Ellis): sent,ACME-A005996
helen.morgan@cunninghamgomezandduncan.example.com,2026-08-21 13:06:18,Sales email (Dana Whitfield): sent,ACME-A006000
william.allison@sweeneygraham.example.com,2026-08-21 13:40:42,Sales email (Grace Kim): sent,ACME-A006001
billy.melton@bradleyplc.example.com,2026-08-22 06:28:53,Sales email (Owen Brooks): sent,ACME-A006043
connie.stevens@hamiltonmorgan.example.com,2026-08-22 08:58:32,Sales email (Sofia Alvarez): sent,ACME-A006047
tracy.lewis@hubersanchez.example.com,2026-08-22 12:13:04,Sales email (Priya Raman): sent,ACME-A006051
jeffrey.schmidt@andersonandsons.example.com,2026-08-22 15:35:59,Sales email (Priya Raman): replied,ACME-A006058
richard.kelley@foxdunn.example.com,2026-08-22 21:20:52,Sales email (Jordan Ellis): sent,ACME-A006069
morgan.ortega@cantuhigginsandtrevino.example.com,2026-08-22 23:22:12,Sales email (Dana Whitfield): bounced,ACME-A006070
maureen.campos@riversandsons.example.com,2026-08-23 08:14:34,Sales email (Owen Brooks): sent,ACME-A006093
billy.melton@bradleyplc.example.com,2026-08-23 10:00:12,Sales email (Owen Brooks): sent,ACME-A006095
marcus.harper@blackgroup.example.com,2026-08-23 14:21:10,Sales email (Jordan Ellis): sent,ACME-A006105
nathan.padilla@hortonmiller.example.com,2026-08-24 10:44:23,Sales email (Owen Brooks): sent,ACME-A006146
jeffrey.schmidt@andersonandsons.example.com,2026-08-25 01:56:46,Sales email (Priya Raman): sent,ACME-A006177
donna.johnson@davisrossandsanchez.example.com,2026-08-25 02:08:52,Sales email (Marcus Lee): bounced,ACME-A006178
malik.delgado@nicholsonplc.example.com,2026-08-25 11:47:49,Sales email (Marcus Lee): sent,ACME-A006195
matthew.velez@huffllc.example.com,2026-08-25 18:13:01,Sales email (Dana Whitfield): sent,ACME-A006209
brandon.mendoza@lewisllc.example.com,2026-08-26 07:03:53,Sales email (Marcus Lee): sent,ACME-A006232
brandon.mendoza@lewisllc.example.com,2026-08-26 08:52:32,Sales email (Marcus Lee): sent,ACME-A006238
jeffrey.alvarado@ramossutton.example.com,2026-08-26 10:24:57,Sales email (Jordan Ellis): sent,ACME-A006240
henry.zavala@hayesbarrettandneal.example.com,2026-08-26 12:37:08,Sales email (Sofia Alvarez): sent,ACME-A006244
samantha.mann@thomasplc.example.com,2026-08-26 14:09:52,Sales email (Dana Whitfield): replied,ACME-A006249
matthew.velez@huffllc.example.com,2026-08-27 06:34:00,Sales email (Dana Whitfield): sent,ACME-A006294
benjamin.esparza@lopezandsons.example.com,2026-08-27 08:11:55,Sales email (Priya Raman): sent,ACME-A006298
julie.clark@allenpeterson.example.com,2026-08-27 12:46:05,Sales email (Priya Raman): sent,ACME-A006305
john.hall@andersonhamilton.example.com,2026-08-27 13:38:13,Sales email (Priya Raman): bounced,ACME-A006307
glenn.beck@turnerreyesandfarley.example.com,2026-08-27 13:48:48,Sales email (Grace Kim): sent,ACME-A006308
ryan.smith@ramirezplc.example.com,2026-08-27 19:13:05,Sales email (Dana Whitfield): bounced,ACME-A006323
angela.martin@smithkellyandjones.example.com,2026-08-27 20:07:41,Sales email (Sofia Alvarez): sent,ACME-A006326
anthony.alexander@everettbuckleyandmoore.example.com,2026-08-28 05:23:33,Sales email (Marcus Lee): sent,ACME-A006342
patricia.morales@millervelasquezandrichar.example.com,2026-08-28 11:51:56,Sales email (Grace Kim): bounced,ACME-A006352
mark.green@bridgesclarkeandgill.example.com,2026-08-28 14:25:15,Sales email (Jordan Ellis): bounced,ACME-A006360
richard.kelley@foxdunn.example.com,2026-08-28 16:03:00,Sales email (Jordan Ellis): sent,ACME-A006364
kimberly.wood@kaufmanltd.example.com,2026-08-29 03:14:06,Sales email (Sofia Alvarez): sent,ACME-A006390
richard.kelley@foxdunn.example.com,2026-08-29 18:00:37,Sales email (Jordan Ellis): sent,ACME-A006417
linda.monroe@carterinc.example.com,2026-08-29 22:42:33,Sales email (Sofia Alvarez): sent,ACME-A006426
brandon.velez@tuckerschaefer.example.com,2026-08-30 03:15:26,Sales email (Sofia Alvarez): sent,ACME-A006437
samantha.reynolds@sloanplc.example.com,2026-08-30 06:11:08,Sales email (Jordan Ellis): sent,ACME-A006444
helen.morgan@cunninghamgomezandduncan.example.com,2026-08-30 06:24:54,Sales email (Dana Whitfield): sent,ACME-A006446
brandon.velez@tuckerschaefer.example.com,2026-08-30 06:49:34,Sales email (Sofia Alvarez): sent,ACME-A006448
jasmin.ward@walkerwebb.example.com,2026-08-30 10:01:35,Sales email (Sofia Alvarez): sent,ACME-A006456
nathan.padilla@hortonmiller.example.com,2026-08-30 10:10:17,Sales email (Owen Brooks): replied,ACME-A006458
devon.carter@acevedollc.example.com,2026-08-30 19:50:59,Sales email (Jordan Ellis): replied,ACME-A006475
samuel.jordan@alvaradomayo.example.com,2026-08-30 22:48:33,Sales email (Jordan Ellis): sent,ACME-A006479
helen.morgan@cunninghamgomezandduncan.example.com,2026-08-31 03:10:35,Sales email (Dana Whitfield): replied,ACME-A006489
katelyn.bolton@mercadohaynesandking.example.com,2026-08-31 09:39:30,Sales email (Marcus Lee): sent,ACME-A006502
brandon.mendoza@lewisllc.example.com,2026-08-31 13:01:21,Sales email (Marcus Lee): sent,ACME-A006511
sue.wright@mcdanielhoandharrington.example.com,2026-08-31 14:44:35,Sales email (Dana Whitfield): bounced,ACME-A006514
haley.brown@hartriveraandlee.example.com,2026-09-01 05:28:55,Sales email (Jordan Ellis): replied,ACME-A006547
victoria.gibson@carlsonjamesandbrown.example.com,2026-09-01 20:47:51,Sales email (Priya Raman): sent,ACME-A006583
angela.wright@olseninc.example.com,2026-09-02 04:58:07,Sales email (Grace Kim): sent,ACME-A006598
jean.perry@walterswolfe.example.com,2026-09-02 15:50:52,Sales email (Sofia Alvarez): sent,ACME-A006620
jessica.cook@bullockbrownandmartin.example.com,2026-09-03 08:28:52,Sales email (Priya Raman): sent,ACME-A006660
katelyn.bolton@mercadohaynesandking.example.com,2026-09-03 08:58:14,Sales email (Marcus Lee): sent,ACME-A006661
mike.jones@walterskingandfriedman.example.com,2026-09-03 15:49:46,Sales email (Dana Whitfield): sent,ACME-A006680
brandon.velez@tuckerschaefer.example.com,2026-09-03 17:43:09,Sales email (Sofia Alvarez): sent,ACME-A006683
brandon.mendoza@lewisllc.example.com,2026-09-03 18:14:27,Sales email (Marcus Lee): sent,ACME-A006685
angela.martin@smithkellyandjones.example.com,2026-09-04 02:56:29,Sales email (Sofia Alvarez): sent,ACME-A006704
mariah.wheeler@williamssmall.example.com,2026-09-04 04:30:26,Sales email (Dana Whitfield): sent,ACME-A006707
haley.brown@hartriveraandlee.example.com,2026-09-04 08:40:37,Sales email (Jordan Ellis): sent,ACME-A006712
daniel.thomas@pagesmith.example.com,2026-09-04 12:03:11,Sales email (Jordan Ellis): sent,ACME-A006717
victoria.gibson@carlsonjamesandbrown.example.com,2026-09-04 15:03:04,Sales email (Priya Raman): sent,ACME-A006724
samuel.jordan@alvaradomayo.example.com,2026-09-06 05:23:58,Sales email (Jordan Ellis): sent,ACME-A006804
mariah.wheeler@williamssmall.example.com,2026-09-07 11:09:54,Sales email (Dana Whitfield): sent,ACME-A006853
carla.king@hillevans.example.com,2026-09-07 14:29:16,Sales email (Dana Whitfield): sent,ACME-A006862
katelyn.bolton@mercadohaynesandking.example.com,2026-09-07 20:29:57,Sales email (Marcus Lee): replied,ACME-A006877
marc.flores@irwinfosterandcardenas.example.com,2026-09-08 09:05:20,Sales email (Priya Raman): sent,ACME-A006897
ronald.adams@charlesstevens.example.com,2026-09-08 14:46:58,Sales email (Priya Raman): sent,ACME-A006907
erin.duke@callahanbrownandwarren.example.com,2026-09-08 20:12:57,Sales email (Sofia Alvarez): sent,ACME-A006922
katelyn.bolton@mercadohaynesandking.example.com,2026-09-08 23:34:38,Sales email (Marcus Lee): sent,ACME-A006927
ruben.adkins@kellygordonandyoung.example.com,2026-09-09 11:10:43,Sales email (Priya Raman): sent,ACME-A006948
richard.kelley@foxdunn.example.com,2026-09-09 14:07:03,Sales email (Jordan Ellis): sent,ACME-A006959
mike.jones@walterskingandfriedman.example.com,2026-09-09 17:37:51,Sales email (Dana Whitfield): sent,ACME-A006973
nicholas.richardson@rileysawyerandcharles.example.com,2026-09-09 22:31:54,Sales email (Dana Whitfield): replied,ACME-A006987
michael.kim@curryyoung.example.com,2026-09-10 10:55:40,Sales email (Grace Kim): sent,ACME-A007011
allen.patrick@reeseinc.example.com,2026-09-10 16:33:08,Sales email (Grace Kim): sent,ACME-A007028
christopher.mendez@morrisfigueroa.example.com,2026-09-10 18:32:11,Sales email (Jordan Ellis): sent,ACME-A007031
daniel.thomas@pagesmith.example.com,2026-09-11 01:56:35,Sales email (Jordan Ellis): sent,ACME-A007047
valerie.james@weaverinc.example.com,2026-09-11 02:10:17,Sales email (Dana Whitfield): sent,ACME-A007048
angela.martin@smithkellyandjones.example.com,2026-09-11 08:14:00,Sales email (Sofia Alvarez): sent,ACME-A007059
don.parker@russellbrown.example.com,2026-09-11 10:59:45,Sales email (Owen Brooks): sent,ACME-A007070
joseph.ford@jimenezplc.example.com,2026-09-11 17:11:47,Sales email (Grace Kim): sent,ACME-A007085
carla.king@hillevans.example.com,2026-09-11 19:04:55,Sales email (Dana Whitfield): replied,ACME-A007093
don.parker@russellbrown.example.com,2026-09-12 02:41:25,Sales email (Owen Brooks): sent,ACME-A007104
nicholas.richardson@rileysawyerandcharles.example.com,2026-09-12 11:08:18,Sales email (Dana Whitfield): replied,ACME-A007111
samuel.jordan@alvaradomayo.example.com,2026-09-12 17:34:55,Sales email (Jordan Ellis): sent,ACME-A007119
james.tran@roachandsons.example.com,2026-09-12 23:39:47,Sales email (Sofia Alvarez): replied,ACME-A007135
nathan.hoover@berrywagner.example.com,2026-09-13 04:06:46,Sales email (Dana Whitfield): bounced,ACME-A007144
nathan.hoover@berrywagner.example.com,2026-09-13 15:24:49,Sales email (Dana Whitfield): bounced,ACME-A007158
nicholas.richardson@rileysawyerandcharles.example.com,2026-09-14 04:20:13,Sales email (Dana Whitfield): sent,ACME-A007183
donald.rogers@payneplc.example.com,2026-09-14 05:14:37,Sales email (Priya Raman): replied,ACME-A007184
erin.duke@callahanbrownandwarren.example.com,2026-09-14 22:41:27,Sales email (Sofia Alvarez): replied,ACME-A007228
heather.taylor@taylorllc.example.com,2026-09-14 22:50:50,Sales email (Jordan Ellis): sent,ACME-A007229
robin.stewart@camposgroup.example.com,2026-09-15 02:53:04,Sales email (Dana Whitfield): sent,ACME-A007238
samantha.mann@thomasplc.example.com,2026-09-15 03:40:37,Sales email (Dana Whitfield): sent,ACME-A007241
brandon.velez@tuckerschaefer.example.com,2026-09-15 09:24:47,Sales email (Sofia Alvarez): replied,ACME-A007249
brandon.velez@tuckerschaefer.example.com,2026-09-15 10:34:41,Sales email (Sofia Alvarez): sent,ACME-A007251
don.parker@russellbrown.example.com,2026-09-15 12:37:47,Sales email (Owen Brooks): replied,ACME-A007258
matthew.velez@huffllc.example.com,2026-09-16 07:20:19,Sales email (Dana Whitfield): sent,ACME-A007298
joseph.ford@jimenezplc.example.com,2026-09-16 18:38:05,Sales email (Grace Kim): sent,ACME-A007322
robin.fuentes@johnsonmoore.example.com,2026-09-16 20:15:21,Sales email (Sofia Alvarez): replied,ACME-A007326
william.hays@jonesltd.example.com,2026-09-17 06:22:16,Sales email (Marcus Lee): bounced,ACME-A007338
jeffery.kramer@nelsonlopez.example.com,2026-09-17 06:27:57,Sales email (Dana Whitfield): replied,ACME-A007340
donna.maldonado@estradaalexander.example.com,2026-09-17 12:56:20,Sales email (Jordan Ellis): sent,ACME-A007350
charles.brown@boyleinc.example.com,2026-09-17 18:32:36,Sales email (Priya Raman): sent,ACME-A007367
jeffery.kramer@nelsonlopez.example.com,2026-09-17 21:01:32,Sales email (Dana Whitfield): sent,ACME-A007377
matthew.velez@huffllc.example.com,2026-09-17 21:48:01,Sales email (Dana Whitfield): sent,ACME-A007380
samuel.jordan@alvaradomayo.example.com,2026-09-18 09:57:16,Sales email (Jordan Ellis): sent,ACME-A007409
todd.thompson@bennettwrightandgentry.example.com,2026-09-18 10:26:59,Sales email (Dana Whitfield): sent,ACME-A007411
emily.stokes@mooresimpson.example.com,2026-09-18 22:24:12,Sales email (Dana Whitfield): replied,ACME-A007451
matthew.velez@huffllc.example.com,2026-09-19 03:08:46,Sales email (Dana Whitfield): sent,ACME-A007462
mary.andrews@harrisjones.example.com,2026-09-19 04:16:46,Sales email (Jordan Ellis): sent,ACME-A007466
gail.hogan@jamessoto.example.com,2026-09-19 05:43:51,Sales email (Acme Round Robin): sent,ACME-A007469
marc.flores@irwinfosterandcardenas.example.com,2026-09-19 12:35:34,Sales email (Priya Raman): replied,ACME-A007486
brian.anderson@rodriguezaguilar.example.com,2026-09-19 14:34:30,Sales email (Dana Whitfield): replied,ACME-A007487
robert.mccoy@williamsmillerandanderso.example.com,2026-09-19 22:55:03,Sales email (Sofia Alvarez): sent,ACME-A007500
jennifer.moore@hunterpowell.example.com,2026-09-20 07:25:26,Sales email (Dana Whitfield): sent,ACME-A007518
alison.garcia@blakeboothandsilva.example.com,2026-09-20 13:32:05,Sales email (Marcus Lee): sent,ACME-A007531
jennifer.moore@hunterpowell.example.com,2026-09-20 16:08:19,Sales email (Dana Whitfield): sent,ACME-A007536
brian.campos@lopezdavis.example.com,2026-09-21 04:50:46,Sales email (Marcus Lee): replied,ACME-A007561
samuel.jordan@alvaradomayo.example.com,2026-09-21 06:30:20,Sales email (Jordan Ellis): sent,ACME-A007567
gwendolyn.oliver@youngmorales.example.com,2026-09-21 17:31:53,Sales email (Marcus Lee): replied,ACME-A007600
gwendolyn.oliver@youngmorales.example.com,2026-09-21 22:09:29,Sales email (Marcus Lee): sent,ACME-A007615
emily.stokes@mooresimpson.example.com,2026-09-22 03:40:36,Sales email (Dana Whitfield): sent,ACME-A007634
heather.taylor@taylorllc.example.com,2026-09-22 07:57:53,Sales email (Jordan Ellis): sent,ACME-A007646
cynthia.taylor@trevinoltd.example.com,2026-09-22 10:20:50,Sales email (Marcus Lee): sent,ACME-A007655
james.tran@roachandsons.example.com,2026-09-22 15:19:08,Sales email (Sofia Alvarez): sent,ACME-A007674
brian.campos@lopezdavis.example.com,2026-09-22 22:54:14,Sales email (Marcus Lee): sent,ACME-A007693
jo.berger@scottsolis.example.com,2026-09-23 18:19:58,Sales email (Owen Brooks): sent,ACME-A007738
billy.harris@burnettgroup.example.com,2026-09-23 18:26:59,Sales email (Acme Round Robin): sent,ACME-A007739
tonya.davis@sullivanchurch.example.com,2026-09-23 18:33:20,Sales email (Priya Raman): replied,ACME-A007740
carla.king@hillevans.example.com,2026-09-24 00:09:48,Sales email (Dana Whitfield): bounced,ACME-A007751
nathan.hoover@berrywagner.example.com,2026-09-24 05:20:30,Sales email (Dana Whitfield): sent,ACME-A007764
christopher.hall@burnettstrickland.example.com,2026-09-24 07:24:00,Sales email (Jordan Ellis): sent,ACME-A007775
diamond.allen@hartmandaniels.example.com,2026-09-24 17:31:57,Sales email (Marcus Lee): sent,ACME-A007808
russell.dixon@turnerevans.example.com,2026-09-24 19:29:44,Sales email (Marcus Lee): sent,ACME-A007815
carla.king@hillevans.example.com,2026-09-24 23:45:38,Sales email (Dana Whitfield): sent,ACME-A007835
diamond.allen@hartmandaniels.example.com,2026-09-26 02:46:11,Sales email (Marcus Lee): sent,ACME-A007910
brian.anderson@rodriguezaguilar.example.com,2026-09-26 06:19:49,Sales email (Dana Whitfield): sent,ACME-A007927
krystal.willis@gomezltd.example.com,2026-09-26 15:00:37,Sales email (Priya Raman): replied,ACME-A007948
samantha.mann@thomasplc.example.com,2026-09-26 19:22:18,Sales email (Dana Whitfield): sent,ACME-A007959
hunter.richardson@rodriguezplc.example.com,2026-09-27 04:43:02,Sales email (Sofia Alvarez): sent,ACME-A007986
nathan.hoover@berrywagner.example.com,2026-09-27 07:03:40,Sales email (Dana Whitfield): sent,ACME-A007994
alison.garcia@blakeboothandsilva.example.com,2026-09-27 15:22:14,Sales email (Marcus Lee): replied,ACME-A008021
tonya.davis@sullivanchurch.example.com,2026-09-27 19:00:54,Sales email (Priya Raman): replied,ACME-A008032
william.allison@sweeneygraham.example.com,2026-09-27 20:23:48,Sales email (Grace Kim): replied,ACME-A008038
krystal.willis@gomezltd.example.com,2026-09-27 21:47:15,Sales email (Priya Raman): sent,ACME-A008043
christopher.morris@jacobssmith.example.com,2026-09-27 22:24:45,Sales email (Priya Raman): sent,ACME-A008048
greg.lawson@morrisandsons.example.com,2026-09-27 23:45:08,Sales email (Dana Whitfield): sent,ACME-A008051
todd.thompson@bennettwrightandgentry.example.com,2026-09-28 01:49:36,Sales email (Dana Whitfield): sent,ACME-A008055
phillip.compton@thomasgrant.example.com,2026-09-28 07:45:20,Sales email (Marcus Lee): sent,ACME-A008067
russell.dixon@turnerevans.example.com,2026-09-28 09:15:30,Sales email (Marcus Lee): replied,ACME-A008069
tammy.hamilton@gilesgroup.example.com,2026-09-28 13:18:38,Sales email (Dana Whitfield): bounced,ACME-A008088
diamond.allen@hartmandaniels.example.com,2026-09-28 21:03:05,Sales email (Marcus Lee): sent,ACME-A008123
krystal.willis@gomezltd.example.com,2026-09-28 21:24:38,Sales email (Priya Raman): sent,ACME-A008127
hunter.richardson@rodriguezplc.example.com,2026-09-28 21:46:33,Sales email (Sofia Alvarez): sent,ACME-A008129
russell.dixon@turnerevans.example.com,2026-09-28 22:25:57,Sales email (Marcus Lee): sent,ACME-A008132
ronald.adams@charlesstevens.example.com,2026-09-29 01:03:29,Sales email (Priya Raman): replied,ACME-A008140
jennifer.moore@hunterpowell.example.com,2026-09-29 01:58:42,Sales email (Dana Whitfield): sent,ACME-A008145
timothy.nichols@wardhernandez.example.com,2026-09-29 07:48:34,Sales email (Dana Whitfield): sent,ACME-A008170
brian.anderson@rodriguezaguilar.example.com,2026-09-29 07:58:28,Sales email (Dana Whitfield): sent,ACME-A008171
billy.harris@burnettgroup.example.com,2026-09-29 11:39:44,Sales email (Acme Round Robin): replied,ACME-A008194
phillip.compton@thomasgrant.example.com,2026-09-29 12:32:59,Sales email (Marcus Lee): sent,ACME-A008198
timothy.nichols@wardhernandez.example.com,2026-09-29 12:49:01,Sales email (Dana Whitfield): replied,ACME-A008202
timothy.lynch@hoovergroup.example.com,2026-09-29 19:02:12,Sales email (Dana Whitfield): sent,ACME-A008236
timothy.nichols@wardhernandez.example.com,2026-09-29 22:33:35,Sales email (Dana Whitfield): replied,ACME-A008255
elizabeth.kim@howardhunt.example.com,2026-09-30 04:37:03,Sales email (Acme Round Robin): bounced,ACME-A008279
timothy.nichols@wardhernandez.example.com,2026-09-30 05:00:42,Sales email (Dana Whitfield): sent,ACME-A008283
christopher.morris@jacobssmith.example.com,2026-09-30 08:13:06,Sales email (Priya Raman): sent,ACME-A008297
samuel.fowler@bassgroup.example.com,2026-09-30 08:35:23,Sales email (Priya Raman): sent,ACME-A008301
trevor.hernandez@carterclark.example.com,2026-09-30 12:12:18,Sales email (Dana Whitfield): bounced,ACME-A008323
tina.thompson@pittmaninc.example.com,2026-09-30 14:24:25,Sales email (Acme Round Robin): replied,ACME-A008347
laura.ortiz@murphyplc.example.com,2026-09-30 16:13:21,Sales email (Grace Kim): replied,ACME-A008363
samuel.fowler@bassgroup.example.com,2026-09-30 19:35:20,Sales email (Priya Raman): sent,ACME-A008389
timothy.nichols@wardhernandez.example.com,2026-09-30 22:45:21,Sales email (Dana Whitfield): replied,ACME-A008415
