Email,Meeting start time,Meeting outcome,Meeting name,Activity ID (source)
harold.lee@byrdltd.example.com,2026-04-04 13:00:43,No show,Discovery meeting,SUMM-A000045
bryan.johnson@santosdeananddecker.example.com,2026-04-10 21:27:45,Completed,Discovery meeting,SUMM-A000179
nicholas.jackson@figueroaltd.example.com,2026-04-18 09:06:43,Rescheduled,Discovery meeting,SUMM-A000345
paul.moss@hobbschandler.example.com,2026-04-21 17:47:32,Completed,Discovery meeting,SUMM-A000450
jennifer.jones@hubbardsullivan.example.com,2026-05-02 03:21:11,Completed,Discovery meeting,SUMM-A000691
brenda.peterson@hudsonlee.example.com,2026-05-02 23:04:07,Completed,Discovery meeting,SUMM-A000704
scott.wagner@rodgersllc.example.com,2026-05-03 07:36:00,Completed,Discovery meeting,SUMM-A000715
jennifer.jones@hubbardsullivan.example.com,2026-05-03 18:57:11,Completed,Discovery meeting,SUMM-A000727
rebecca.flores@warrenreynolds.example.com,2026-05-04 22:07:43,Completed,Discovery meeting,SUMM-A000744
brenda.peterson@hudsonlee.example.com,2026-05-06 20:17:13,No show,Discovery meeting,SUMM-A000790
mary.wyatt@tuckervang.example.com,2026-05-08 18:30:28,No show,Discovery meeting,SUMM-A000849
michelle.gonzalez@gibsonherrera.example.com,2026-05-09 11:16:53,Completed,Discovery meeting,SUMM-A000865
anthony.rodriguez@phillipsplc.example.com,2026-05-12 12:43:11,Completed,Discovery meeting,SUMM-A000944
jasmine.dean@poolebradleyandfisher.example.com,2026-05-13 11:26:24,Rescheduled,Discovery meeting,SUMM-A000987
larry.jones@simscole.example.com,2026-05-14 20:10:09,Completed,Discovery meeting,SUMM-A001026
kyle.potts@millerperez.example.com,2026-05-18 14:55:48,Completed,Discovery meeting,SUMM-A001139
kyle.potts@millerperez.example.com,2026-05-19 06:49:06,Completed,Discovery meeting,SUMM-A001161
shelly.reed@ortizbryantandhunter.example.com,2026-05-22 00:58:35,Completed,Discovery meeting,SUMM-A001244
brian.parrish@curryltd.example.com,2026-05-22 06:04:22,Completed,Discovery meeting,SUMM-A001248
eric.waller@pachecoplc.example.com,2026-05-23 08:06:10,Completed,Discovery meeting,SUMM-A001276
andrea.ho@williamsweber.example.com,2026-05-23 20:07:07,No show,Discovery meeting,SUMM-A001295
monica.collins@rodriguezllc.example.com,2026-05-23 21:26:15,Completed,Discovery meeting,SUMM-A001296
andrea.ho@williamsweber.example.com,2026-05-24 18:37:29,Completed,Discovery meeting,SUMM-A001321
jacqueline.bright@poolesantos.example.com,2026-05-27 23:28:21,Completed,Discovery meeting,SUMM-A001423
bob.brown@adamssalinas.example.com,2026-05-28 13:53:59,Completed,Discovery meeting,SUMM-A001446
bob.brown@adamssalinas.example.com,2026-05-28 14:19:25,No show,Discovery meeting,SUMM-A001447
tina.clarke@smithmoralesandgraves.example.com,2026-05-29 07:07:32,Rescheduled,Discovery meeting,SUMM-A001476
jennifer.wilson@thompsonwilliamsonandric.example.com,2026-05-31 05:34:16,No show,Discovery meeting,SUMM-A001539
bob.brown@adamssalinas.example.com,2026-05-31 23:06:58,No show,Discovery meeting,SUMM-A001563
stephanie.higgins@norriscox.example.com,2026-06-02 16:07:14,Completed,Discovery meeting,SUMM-A001609
stephanie.higgins@norriscox.example.com,2026-06-03 01:32:43,Completed,Discovery meeting,SUMM-A001618
angela.moore@bishopgroup.example.com,2026-06-03 11:58:49,No show,Discovery meeting,SUMM-A001640
kevin.romero@parsonsinc.example.com,2026-06-05 23:23:45,Completed,Discovery meeting,SUMM-A001730
traci.dean@bishopllc.example.com,2026-06-06 15:27:05,Completed,Discovery meeting,SUMM-A001752
logan.kelly@woodkennedyandhanson.example.com,2026-06-07 02:54:12,Completed,Discovery meeting,SUMM-A001771
gary.andrews@wilsontaylor.example.com,2026-06-07 07:08:50,Completed,Discovery meeting,SUMM-A001778
elizabeth.martin@robertsmitchell.example.com,2026-06-08 17:55:42,No show,Discovery meeting,SUMM-A001842
jesse.olson@walshbrownandbaldwin.example.com,2026-06-09 02:31:36,Rescheduled,Discovery meeting,SUMM-A001858
pamela.curry@martininc.example.com,2026-06-09 21:19:58,Completed,Discovery meeting,SUMM-A001884
michael.wood@crawfordnewman.example.com,2026-06-14 17:56:18,Completed,Discovery meeting,SUMM-A002070
angela.davis@mortondavis.example.com,2026-06-15 14:43:07,Completed,Discovery meeting,SUMM-A002098
elizabeth.martin@robertsmitchell.example.com,2026-06-17 07:19:31,Completed,Discovery meeting,SUMM-A002153
jesse.mcdaniel@sanchezandsons.example.com,2026-06-22 03:58:03,Completed,Discovery meeting,SUMM-A002313
megan.harvey@reyesandsons.example.com,2026-06-24 10:39:59,Completed,Discovery meeting,SUMM-A002400
jacqueline.bright@poolesantos.example.com,2026-06-25 16:01:42,Completed,Discovery meeting,SUMM-A002450
stephanie.hubbard@cookhernandez.example.com,2026-06-26 04:59:02,Completed,Discovery meeting,SUMM-A002476
michael.gonzalez@everettbishop.example.com,2026-06-26 17:32:55,Completed,Discovery meeting,SUMM-A002496
annette.carter@payneross.example.com,2026-06-27 04:35:37,Completed,Discovery meeting,SUMM-A002520
damon.mcclure@mendozamorgan.example.com,2026-07-02 17:32:05,Completed,Discovery meeting,SUMM-A002709
jesse.olson@walshbrownandbaldwin.example.com,2026-07-07 00:01:16,Completed,Discovery meeting,SUMM-A002868
pamela.williams@watsonandsons.example.com,2026-07-07 22:05:28,Rescheduled,Discovery meeting,SUMM-A002914
pamela.williams@watsonandsons.example.com,2026-07-08 17:28:31,Completed,Discovery meeting,SUMM-A002943
amy.campbell@allenrichardandrobertson.example.com,2026-07-08 21:53:02,No show,Discovery meeting,SUMM-A002952
pamela.williams@watsonandsons.example.com,2026-07-10 14:03:01,Rescheduled,Discovery meeting,SUMM-A003014
natasha.smith@arnoldinc.example.com,2026-07-12 12:44:29,Completed,Discovery meeting,SUMM-A003089
tina.ward@delacruzinc.example.com,2026-07-12 21:03:17,Completed,Discovery meeting,SUMM-A003101
melissa.harris@wallernavarro.example.com,2026-07-13 06:49:49,Completed,Discovery meeting,SUMM-A003110
tina.ward@delacruzinc.example.com,2026-07-15 07:49:24,Completed,Discovery meeting,SUMM-A003191
brenda.craig@moorewebbandrichardson.example.com,2026-07-18 07:07:39,Completed,Discovery meeting,SUMM-A003293
jesse.mcdaniel@sanchezandsons.example.com,2026-07-19 00:04:29,Completed,Discovery meeting,SUMM-A003313
christopher.anderson@branchburnsandgonzales.example.com,2026-07-21 09:42:37,Completed,Discovery meeting,SUMM-A003379
paul.bowman@barnesgoodmanandlee.example.com,2026-07-24 19:21:28,Completed,Discovery meeting,SUMM-A003485
michael.rose@gomezandsons.example.com,2026-07-29 02:20:37,Completed,Discovery meeting,SUMM-A003635
kayla.jones@kleinltd.example.com,2026-08-07 04:01:02,Completed,Discovery meeting,SUMM-A003905
deborah.johnson@evansinc.example.com,2026-08-08 07:36:19,Rescheduled,Discovery meeting,SUMM-A003960
troy.graham@torresgroup.example.com,2026-08-08 21:27:24,Completed,Discovery meeting,SUMM-A003977
aaron.ortega@nelsonandsons.example.com,2026-08-11 21:34:21,Completed,Discovery meeting,SUMM-A004062
kayla.jones@kleinltd.example.com,2026-08-14 16:10:47,No show,Discovery meeting,SUMM-A004141
aaron.ortega@nelsonandsons.example.com,2026-08-15 19:09:57,Completed,Discovery meeting,SUMM-A004182
charles.roberts@kelleyllc.example.com,2026-08-16 08:19:30,No show,Discovery meeting,SUMM-A004209
paul.bowman@barnesgoodmanandlee.example.com,2026-08-16 14:35:08,Completed,Discovery meeting,SUMM-A004218
frank.ford@doyleandsons.example.com,2026-08-17 19:55:56,Completed,Discovery meeting,SUMM-A004265
rebecca.ward@daughertyplc.example.com,2026-08-19 02:49:33,Completed,Discovery meeting,SUMM-A004322
rebecca.ward@daughertyplc.example.com,2026-08-19 05:12:09,Completed,Discovery meeting,SUMM-A004324
aaron.ortega@nelsonandsons.example.com,2026-08-21 04:33:23,Completed,Discovery meeting,SUMM-A004388
michelle.smith@jordanbolton.example.com,2026-08-26 17:20:08,Completed,Discovery meeting,SUMM-A004600
frank.ford@doyleandsons.example.com,2026-08-26 18:42:16,Completed,Discovery meeting,SUMM-A004604
cindy.shaw@russellplc.example.com,2026-08-26 19:15:28,No show,Discovery meeting,SUMM-A004606
michelle.smith@jordanbolton.example.com,2026-08-28 12:58:31,Completed,Discovery meeting,SUMM-A004662
deborah.johnson@evansinc.example.com,2026-08-28 13:53:13,Completed,Discovery meeting,SUMM-A004663
emma.vasquez@daviswilliamsandwilliams.example.com,2026-08-30 15:42:13,Completed,Discovery meeting,SUMM-A004731
joanna.johnson@coopercooke.example.com,2026-08-31 08:59:21,Completed,Discovery meeting,SUMM-A004751
john.jenkins@tannerllc.example.com,2026-09-01 04:24:55,Completed,Discovery meeting,SUMM-A004789
vincent.maxwell@johnsoncuevas.example.com,2026-09-01 23:33:20,Completed,Discovery meeting,SUMM-A004817
tara.sanders@fosterdouglasandharris.example.com,2026-09-06 07:54:41,Rescheduled,Discovery meeting,SUMM-A004925
amanda.pope@foleygroup.example.com,2026-09-08 22:04:59,Completed,Discovery meeting,SUMM-A004999
dennis.robles@davisgroup.example.com,2026-09-11 20:03:37,No show,Discovery meeting,SUMM-A005067
hailey.clarke@colemangroup.example.com,2026-09-15 19:14:31,Completed,Discovery meeting,SUMM-A005179
james.taylor@sharpmercadoandgreen.example.com,2026-09-17 21:50:55,Completed,Discovery meeting,SUMM-A005251
matthew.taylor@christensenandsons.example.com,2026-09-24 10:33:37,No show,Discovery meeting,SUMM-A005490
anne.stephens@thompsonllc.example.com,2026-09-25 17:49:32,Rescheduled,Discovery meeting,SUMM-A005539
allison.wright@clarklee.example.com,2026-09-26 11:57:17,No show,Discovery meeting,SUMM-A005585
catherine.dixon@harrisonhoustonandbell.example.com,2026-09-26 15:12:36,Completed,Discovery meeting,SUMM-A005590
anne.stephens@thompsonllc.example.com,2026-09-26 17:56:10,No show,Discovery meeting,SUMM-A005598
anne.stephens@thompsonllc.example.com,2026-09-26 21:11:14,Completed,Discovery meeting,SUMM-A005600
theresa.henry@smithcampbellandwiggins.example.com,2026-09-27 04:20:56,No show,Discovery meeting,SUMM-A005609
catherine.dixon@harrisonhoustonandbell.example.com,2026-09-27 16:38:24,Completed,Discovery meeting,SUMM-A005635
