Email,Deal Name,Pipeline,GTM Motion,Deal Stage,Amount,Close Date,Lead Source,Company Type,Gross Margin,Assigned Rep,Service Type,Deal ID (source)
kimberly.chavez@martinphamandwoods.example.com,Martin Pham and Woods - Inbound,GTM Pipeline,Inbound,Lost,8100,2026-04-23,Google Ads,MSP,60.2,Dana Whitfield,,ACME-D00001
katie.willis@pittssmith.example.com,Pitts-Smith - Inbound,GTM Pipeline,Inbound,Lost,23150,2026-04-18,Call Tracking,MSP,59.9,Dana Whitfield,,ACME-D00002
zoe.johnson@morganwilliams.example.com,Morgan-Williams - Inbound,GTM Pipeline,Inbound,Lost,14400,2026-04-09,Google Ads,MSP,62.9,Dana Whitfield,,ACME-D00003
daniel.jones@stephensmartinandsimmons.example.com,Stephens Martin and Simmons - Referral,GTM Pipeline,Referral,Lost,20850,2026-04-21,Referral,MSP,57.4,Grace Kim,,ACME-D00004
james.small@wilsonpriceanddawson.example.com,Wilson Price and Dawson - Inbound,GTM Pipeline,Inbound,Lost,27850,2026-04-21,Meta Ads,MSP,53.5,Dana Whitfield,,ACME-D00005
ronald.lozano@masseybenjaminandharris.example.com,Massey Benjamin and Harris - Inbound,GTM Pipeline,Inbound,Lost,16050,2026-04-13,Google Ads,MSP,62.7,Owen Brooks,,ACME-D00006
billy.carter@pittmanllc.example.com,Pittman LLC - Outbound,GTM Pipeline,Outbound,Lost,27100,2026-04-13,Outbound,MSP,57.8,Priya Raman,,ACME-D00007
lauren.dawson@mckenzieplc.example.com,Mckenzie PLC - Referral,GTM Pipeline,Referral,Lost,28800,2026-04-25,Referral,MSP,66.3,Dana Whitfield,,ACME-D00008
emily.nelson@robertsplc.example.com,Roberts PLC - Inbound,GTM Pipeline,Inbound,Lost,13100,2026-04-07,Google Ads,MSP,59.7,Jordan Ellis,,ACME-D00009
james.diaz@wellswatsonandcalhoun.example.com,Wells Watson and Calhoun - Inbound,GTM Pipeline,Inbound,Lost,8250,2026-05-25,Call Tracking,MSP,58.9,Jordan Ellis,,ACME-D00010
carrie.johnson@bensonharper.example.com,Benson-Harper - Inbound,GTM Pipeline,Inbound,Lost,16900,2026-04-10,Google Ads,MSP,57.0,Dana Whitfield,,ACME-D00011
cynthia.lamb@frankgiles.example.com,Frank-Giles - Inbound,GTM Pipeline,Inbound,Lost,10950,2026-04-19,Call Tracking,MSP,64.7,Dana Whitfield,,ACME-D00012
charles.mason@jacksonandsons.example.com,Jackson and Sons - Inbound,GTM Pipeline,Inbound,Lost,12250,2026-04-19,Google Ads,MSP,61.3,Dana Whitfield,,ACME-D00013
marvin.malone@piercechavez.example.com,Pierce-Chavez - Referral,GTM Pipeline,Referral,Won,17750,2026-05-05,Referral,MSP,60.5,Dana Whitfield,,ACME-D00014
thomas.anderson@millerwaltonandchen.example.com,Miller Walton and Chen - Referral,GTM Pipeline,Referral,Lost,16100,2026-05-20,Referral,MSP,64.5,Grace Kim,,ACME-D00015
deanna.stephenson@turnermurrayandhaley.example.com,Turner Murray and Haley - Inbound,GTM Pipeline,Inbound,Lost,13450,2026-04-09,Call Tracking,MSP,65.6,Jordan Ellis,,ACME-D00016
lauren.bonilla@mccormickcook.example.com,Mccormick-Cook - Inbound,GTM Pipeline,Inbound,Lost,12500,2026-06-01,Meta Ads,MSP,60.0,Marcus Lee,,ACME-D00017
jeffrey.perez@friedmandiaz.example.com,Friedman-Diaz - Referral,GTM Pipeline,Referral,Lost,10450,2026-05-24,Referral,MSP,58.5,Priya Raman,,ACME-D00018
james.pope@oliverinc.example.com,Oliver Inc - Outbound,GTM Pipeline,Outbound,Lost,28950,2026-05-05,Outbound,MSP,57.8,Priya Raman,,ACME-D00019
michael.martin@adamslopezanddecker.example.com,Adams Lopez and Decker - Outbound,GTM Pipeline,Outbound,Lost,13600,2026-04-19,Outbound,MSP,50.5,Priya Raman,,ACME-D00020
timothy.todd@stokesdavis.example.com,Stokes-Davis - Referral,GTM Pipeline,Referral,Lost,15550,2026-04-15,Referral,MSP,63.4,Acme Round Robin,,ACME-D00021
richard.gordon@cartercarey.example.com,Carter-Carey - Outbound,GTM Pipeline,Outbound,Lost,14450,2026-04-17,Outbound,MSP,51.8,Grace Kim,,ACME-D00022
lance.allen@salazarharrison.example.com,Salazar-Harrison - Referral,GTM Pipeline,Referral,Won,16450,2026-06-18,Referral,MSP,68.0,Marcus Lee,,ACME-D00023
daniel.lopez@alvaradosmith.example.com,Alvarado-Smith - Referral,GTM Pipeline,Referral,Lost,17500,2026-04-18,Referral,MSP,65.6,Priya Raman,,ACME-D00024
brandon.doyle@wardlucasandsmith.example.com,Ward Lucas and Smith - Inbound,GTM Pipeline,Inbound,Lost,7700,2026-05-06,Google Ads,MSP,59.0,Priya Raman,,ACME-D00025
carolyn.gray@melendezleeandprice.example.com,Melendez Lee and Price - Inbound,GTM Pipeline,Inbound,Lost,15750,2026-04-21,Google Ads,MSP,58.7,Priya Raman,,ACME-D00026
andrea.ball@gentryshepard.example.com,Gentry-Shepard - Inbound,GTM Pipeline,Inbound,Lost,8500,2026-04-22,Call Tracking,MSP,59.4,Marcus Lee,,ACME-D00027
jamie.baker@beasleyjohnson.example.com,Beasley-Johnson - Inbound,GTM Pipeline,Inbound,Lost,8350,2026-04-20,Google Ads,MSP,59.4,Owen Brooks,,ACME-D00028
brian.jacobson@wilsonirwin.example.com,Wilson-Irwin - Referral,GTM Pipeline,Referral,Lost,18450,2026-04-19,Referral,MSP,60.2,Priya Raman,,ACME-D00029
david.king@gillespiebrewerandtorres.example.com,Gillespie Brewer and Torres - Inbound,GTM Pipeline,Inbound,Lost,12200,2026-04-11,Google Ads,MSP,58.1,Grace Kim,,ACME-D00030
jessica.butler@maldonadosullivan.example.com,Maldonado-Sullivan - Inbound,GTM Pipeline,Inbound,Lost,19200,2026-04-17,Call Tracking,MSP,58.4,Sofia Alvarez,,ACME-D00031
victoria.walker@watsonandsons.example.com,Watson and Sons - Inbound,GTM Pipeline,Inbound,Lost,13450,2026-04-20,Google Ads,MSP,59.3,Jordan Ellis,,ACME-D00032
jodi.perez@shaffergroup.example.com,Shaffer Group - Inbound,GTM Pipeline,Inbound,Lost,7050,2026-04-28,Google Ads,MSP,,Marcus Lee,,ACME-D00033
sara.willis@brownfosteranderickson.example.com,Brown Foster and Erickson - Outbound,GTM Pipeline,Outbound,Lost,14200,2026-04-23,Outbound,MSP,62.8,Dana Whitfield,,ACME-D00034
jennifer.valenzuela@wilsonhouse.example.com,Wilson-House - Referral,GTM Pipeline,Referral,Won,22050,2026-06-09,Referral,MSP,66.0,Dana Whitfield,,ACME-D00035
taylor.phillips@fowlercardenasandcabrera.example.com,Fowler Cardenas and Cabrera - Inbound,GTM Pipeline,Inbound,Lost,13850,2026-05-19,Meta Ads,MSP,62.6,Sofia Alvarez,,ACME-D00036
kristen.carlson@castanedamooreandorozco.example.com,Castaneda Moore and Orozco - Inbound,GTM Pipeline,Inbound,Lost,19750,2026-04-18,Google Ads,MSP,61.8,Jordan Ellis,,ACME-D00037
barry.pennington@lovelee.example.com,Love-Lee - Inbound,GTM Pipeline,Inbound,Lost,20900,2026-04-18,Google Ads,MSP,66.2,Jordan Ellis,,ACME-D00038
elizabeth.fuller@harrisplc.example.com,Harris PLC - Inbound,GTM Pipeline,Inbound,Lost,19250,2026-04-24,Google Ads,MSP,64.1,Jordan Ellis,,ACME-D00039
erin.jennings@adamsplc.example.com,Adams PLC - Inbound,GTM Pipeline,Inbound,Won,20350,2026-05-22,Google Ads,MSP,63.1,Owen Brooks,,ACME-D00040
kenneth.hill@nortonltd.example.com,Norton Ltd - Inbound,GTM Pipeline,Inbound,Lost,9650,2026-05-06,Call Tracking,MSP,60.6,Marcus Lee,,ACME-D00041
christopher.moore@fordpaul.example.com,Ford-Paul - Outbound,GTM Pipeline,Outbound,Lost,12250,2026-04-22,Outbound,MSP,63.0,Sofia Alvarez,,ACME-D00042
thomas.huang@dunnmiller.example.com,Dunn-Miller - Inbound,GTM Pipeline,Inbound,Won,7950,2026-06-08,Google Ads,MSP,60.6,Dana Whitfield,,ACME-D00043
sonya.sullivan@atkinsonlowe.example.com,Atkinson-Lowe - Inbound,GTM Pipeline,Inbound,Lost,25700,2026-05-05,Google Ads,MSP,64.1,Jordan Ellis,,ACME-D00044
catherine.cox@leebrown.example.com,Lee-Brown - Inbound,GTM Pipeline,Inbound,Won,9600,2026-05-13,Call Tracking,MSP,59.8,Acme Round Robin,,ACME-D00045
scott.romero@thomasbowman.example.com,Thomas-Bowman - Inbound,GTM Pipeline,Inbound,Lost,13350,2026-04-17,Google Ads,MSP,51.0,Jordan Ellis,,ACME-D00046
thomas.hardy@smithlloydandjackson.example.com,Smith Lloyd and Jackson - Inbound,GTM Pipeline,Inbound,Lost,12750,2026-04-26,Call Tracking,MSP,69.3,Acme Round Robin,,ACME-D00047
jennifer.smith@gonzalezflores.example.com,Gonzalez-Flores - Referral,GTM Pipeline,Referral,Lost,14750,2026-04-30,Referral,MSP,63.1,Sofia Alvarez,,ACME-D00048
maria.gaines@joneskellyandsanchez.example.com,Jones Kelly and Sanchez - Inbound,GTM Pipeline,Inbound,Lost,9000,2026-04-24,Call Tracking,MSP,52.4,Sofia Alvarez,,ACME-D00049
samantha.nguyen@perkinsmiller.example.com,Perkins-Miller - Inbound,GTM Pipeline,Inbound,Lost,18900,2026-04-29,Google Ads,MSP,59.3,Grace Kim,,ACME-D00050
jerry.santos@youngavila.example.com,Young-Avila - Inbound,GTM Pipeline,Inbound,Lost,17550,2026-04-18,Google Ads,MSP,53.3,Owen Brooks,,ACME-D00051
amy.waters@thomashesterandrobles.example.com,Thomas Hester and Robles - Referral,GTM Pipeline,Referral,Lost,7200,2026-05-08,Referral,MSP,62.9,Dana Whitfield,,ACME-D00052
patricia.miller@stantonphillipsandmcfarl.example.com,Stanton Phillips and Mcfarland - Inbound,GTM Pipeline,Inbound,Won,17650,2026-06-01,Meta Ads,MSP,56.5,Sofia Alvarez,,ACME-D00053
christine.robinson@bautistarodriguezandcarl.example.com,Bautista Rodriguez and Carlson - Referral,GTM Pipeline,Referral,Lost,8800,2026-04-30,Referral,MSP,62.6,Grace Kim,,ACME-D00054
julie.stephenson@butlerwilliams.example.com,Butler-Williams - Inbound,GTM Pipeline,Inbound,Lost,21950,2026-06-09,Google Ads,MSP,55.6,Sofia Alvarez,,ACME-D00055
carolyn.holmes@wheelerlane.example.com,Wheeler-Lane - Referral,GTM Pipeline,Referral,Lost,18000,2026-04-29,Referral,MSP,58.8,Acme Round Robin,,ACME-D00056
james.morse@williamsevansandsmith.example.com,Williams Evans and Smith - Inbound,GTM Pipeline,Inbound,Lost,11900,2026-04-25,Meta Ads,MSP,57.9,Sofia Alvarez,,ACME-D00057
zachary.wilcox@batesbriggs.example.com,Bates-Briggs - Inbound,GTM Pipeline,Inbound,Lost,18300,2026-04-26,Meta Ads,MSP,66.5,Dana Whitfield,,ACME-D00058
haley.morris@aguirrellc.example.com,Aguirre LLC - Referral,GTM Pipeline,Referral,Lost,27350,2026-04-28,Referral,MSP,67.5,Sofia Alvarez,,ACME-D00059
judy.chavez@mcgeemarshall.example.com,Mcgee-Marshall - Inbound,GTM Pipeline,Inbound,Lost,11500,2026-05-06,Google Ads,MSP,59.8,Grace Kim,,ACME-D00060
melissa.compton@myersplc.example.com,Myers PLC - Inbound,GTM Pipeline,Inbound,Lost,7550,2026-05-09,Google Ads,MSP,58.3,Sofia Alvarez,,ACME-D00061
darin.schmidt@connerllc.example.com,Conner LLC - Inbound,GTM Pipeline,Inbound,Lost,14050,2026-05-15,Google Ads,MSP,64.3,Dana Whitfield,,ACME-D00062
dustin.stone@jenkinsinc.example.com,Jenkins Inc - Outbound,GTM Pipeline,Outbound,Lost,30150,2026-04-25,Outbound,MSP,60.2,Owen Brooks,,ACME-D00063
lori.jackson@robinsonatkinsanddavis.example.com,Robinson Atkins and Davis - Referral,GTM Pipeline,Referral,Won,14550,2026-07-27,Referral,MSP,63.4,Marcus Lee,,ACME-D00064
roberta.briggs@grahamzavalaandbrock.example.com,Graham Zavala and Brock - Inbound,GTM Pipeline,Inbound,Lost,12650,2026-05-18,Google Ads,MSP,56.4,Dana Whitfield,,ACME-D00065
joshua.martinez@snydermason.example.com,Snyder-Mason - Referral,GTM Pipeline,Referral,Lost,20900,2026-05-18,Referral,MSP,68.4,Sofia Alvarez,,ACME-D00066
jennifer.larson@glassevans.example.com,Glass-Evans - Inbound,GTM Pipeline,Inbound,Lost,17000,2026-05-17,Google Ads,MSP,60.8,Marcus Lee,,ACME-D00067
patrick.willis@lopezplc.example.com,Lopez PLC - Outbound,GTM Pipeline,Outbound,Lost,16550,2026-04-29,Outbound,MSP,58.5,Priya Raman,,ACME-D00068
jerry.cook@norrisscott.example.com,Norris-Scott - Referral,GTM Pipeline,Referral,Lost,10350,2026-04-29,Referral,MSP,,Owen Brooks,,ACME-D00069
robert.french@chaneyfieldsandwilliams.example.com,Chaney Fields and Williams - Referral,GTM Pipeline,Referral,Lost,12200,2026-05-25,Referral,MSP,69.8,Sofia Alvarez,,ACME-D00070
brett.thomas@mejiaanderson.example.com,Mejia-Anderson - Inbound,GTM Pipeline,Inbound,Lost,11750,2026-04-28,Google Ads,MSP,65.4,Dana Whitfield,,ACME-D00071
brian.nicholson@caincoffey.example.com,Cain-Coffey - Inbound,GTM Pipeline,Inbound,Lost,29050,2026-05-13,Call Tracking,MSP,57.0,Sofia Alvarez,,ACME-D00072
holly.lee@montoyajohnsonanddavis.example.com,Montoya Johnson and Davis - Inbound,GTM Pipeline,Inbound,Lost,11500,2026-05-06,Google Ads,MSP,59.8,Sofia Alvarez,,ACME-D00073
jacqueline.matthews@figueroagroup.example.com,Figueroa Group - Inbound,GTM Pipeline,Inbound,Lost,22200,2026-05-06,Call Tracking,MSP,,Acme Round Robin,,ACME-D00074
calvin.johnson@mullinswright.example.com,Mullins-Wright - Outbound,GTM Pipeline,Outbound,Lost,18400,2026-05-20,Outbound,MSP,,Owen Brooks,,ACME-D00075
jacob.smith@bennettkingandsimmons.example.com,Bennett King and Simmons - Inbound,GTM Pipeline,Inbound,Lost,19500,2026-05-29,Google Ads,MSP,66.0,Owen Brooks,,ACME-D00076
allen.sparks@loveplc.example.com,Love PLC - Inbound,GTM Pipeline,Inbound,Lost,16650,2026-05-11,Meta Ads,MSP,60.9,Marcus Lee,,ACME-D00077
monique.kline@holmesguerrero.example.com,Holmes-Guerrero - Outbound,GTM Pipeline,Outbound,Lost,15550,2026-05-24,Outbound,MSP,60.6,Owen Brooks,,ACME-D00078
james.spence@holderplc.example.com,Holder PLC - Inbound,GTM Pipeline,Inbound,Lost,19950,2026-05-05,Google Ads,MSP,60.8,Priya Raman,,ACME-D00079
jenny.hudson@wolfemathewsandkim.example.com,Wolfe Mathews and Kim - Outbound,GTM Pipeline,Outbound,Lost,17700,2026-05-14,Outbound,MSP,51.2,Owen Brooks,,ACME-D00080
anthony.gutierrez@gordonyorkandmontgomery.example.com,Gordon York and Montgomery - Inbound,GTM Pipeline,Inbound,Lost,21350,2026-05-07,Call Tracking,MSP,63.2,Dana Whitfield,,ACME-D00081
joseph.poole@bradyltd.example.com,Brady Ltd - Inbound,GTM Pipeline,Inbound,Lost,10250,2026-06-08,Google Ads,MSP,57.8,Owen Brooks,,ACME-D00082
travis.robles@baileyinc.example.com,Bailey Inc - Inbound,GTM Pipeline,Inbound,Lost,20050,2026-05-16,Google Ads,MSP,61.7,Dana Whitfield,,ACME-D00083
lisa.mays@lanemoore.example.com,Lane-Moore - Inbound,GTM Pipeline,Inbound,Lost,10350,2026-06-10,Meta Ads,MSP,66.6,Priya Raman,,ACME-D00084
betty.rodriguez@fullerleonard.example.com,Fuller-Leonard - Referral,GTM Pipeline,Referral,Lost,15600,2026-05-15,Referral,MSP,66.5,Jordan Ellis,,ACME-D00085
katherine.evans@vaughninc.example.com,Vaughn Inc - Referral,GTM Pipeline,Referral,Lost,6350,2026-05-16,Referral,MSP,57.2,Jordan Ellis,,ACME-D00086
renee.woods@linsnyderandsmith.example.com,Lin Snyder and Smith - Outbound,GTM Pipeline,Outbound,Lost,15750,2026-06-03,Outbound,MSP,59.4,Priya Raman,,ACME-D00087
susan.mccall@martinezplc.example.com,Martinez PLC - Inbound,GTM Pipeline,Inbound,Lost,17800,2026-05-12,Meta Ads,MSP,61.6,Dana Whitfield,,ACME-D00088
tristan.robinson@kellycarr.example.com,Kelly-Carr - Referral,GTM Pipeline,Referral,Lost,15100,2026-05-31,Referral,MSP,67.7,Dana Whitfield,,ACME-D00089
jonathan.friedman@youngandsons.example.com,Young and Sons - Inbound,GTM Pipeline,Inbound,Lost,22750,2026-05-06,Google Ads,MSP,56.7,Marcus Lee,,ACME-D00090
angela.salinas@reedmiller.example.com,Reed-Miller - Inbound,GTM Pipeline,Inbound,Lost,19750,2026-06-13,Google Ads,MSP,55.9,Priya Raman,,ACME-D00091
michael.jackson@boyerhortonandgreen.example.com,Boyer Horton and Green - Inbound,GTM Pipeline,Inbound,Lost,10750,2026-05-25,Meta Ads,MSP,,Marcus Lee,,ACME-D00092
pamela.gonzales@perrywells.example.com,Perry-Wells - Outbound,GTM Pipeline,Outbound,Lost,17150,2026-05-19,Outbound,MSP,61.1,Dana Whitfield,,ACME-D00093
jason.larsen@grahamsmithandmahoney.example.com,Graham Smith and Mahoney - Inbound,GTM Pipeline,Inbound,Lost,9600,2026-05-07,Meta Ads,MSP,59.6,Marcus Lee,,ACME-D00094
william.lewis@brownperezandjohnson.example.com,Brown Perez and Johnson - Referral,GTM Pipeline,Referral,Lost,20050,2026-05-08,Referral,MSP,59.6,Dana Whitfield,,ACME-D00095
dustin.gardner@jenkinsevans.example.com,Jenkins-Evans - Inbound,GTM Pipeline,Inbound,Won,22200,2026-05-25,Google Ads,MSP,66.9,Sofia Alvarez,,ACME-D00096
jennifer.murphy@huertabrownandmendez.example.com,Huerta Brown and Mendez - Inbound,GTM Pipeline,Inbound,Lost,12550,2026-06-08,Google Ads,MSP,62.8,Marcus Lee,,ACME-D00097
fernando.martin@johnsonreyes.example.com,Johnson-Reyes - Inbound,GTM Pipeline,Inbound,Lost,7900,2026-05-25,Google Ads,MSP,58.1,Sofia Alvarez,,ACME-D00098
caleb.martinez@colemanrogers.example.com,Coleman-Rogers - Referral,GTM Pipeline,Referral,Lost,9000,2026-05-16,Referral,MSP,66.2,Owen Brooks,,ACME-D00099
emily.richards@sanchezgroup.example.com,Sanchez Group - Referral,GTM Pipeline,Referral,Lost,12000,2026-05-25,Referral,MSP,66.9,Jordan Ellis,,ACME-D00100
derrick.benton@bradyjohnsonandnguyen.example.com,Brady Johnson and Nguyen - Referral,GTM Pipeline,Referral,Lost,9400,2026-05-28,Referral,MSP,64.2,Acme Round Robin,,ACME-D00101
adrian.mcgee@gardnercarterandsanders.example.com,Gardner Carter and Sanders - Inbound,GTM Pipeline,Inbound,Lost,21350,2026-06-12,Google Ads,MSP,61.2,Marcus Lee,,ACME-D00102
jason.miller@dixonllc.example.com,Dixon LLC - Referral,GTM Pipeline,Referral,Lost,22700,2026-05-13,Referral,MSP,66.3,Sofia Alvarez,,ACME-D00103
kevin.edwards@cantrellcombs.example.com,Cantrell-Combs - Inbound,GTM Pipeline,Inbound,Lost,9950,2026-05-23,Google Ads,MSP,61.2,Sofia Alvarez,,ACME-D00104
daniel.jones@moranmorenoandrowe.example.com,Moran Moreno and Rowe - Referral,GTM Pipeline,Referral,Lost,14300,2026-05-17,Referral,MSP,60.2,Acme Round Robin,,ACME-D00105
darrell.schmitt@woodwardschmidtandbautis.example.com,Woodward Schmidt and Bautista - Outbound,GTM Pipeline,Outbound,Lost,17000,2026-05-21,Outbound,MSP,59.7,Jordan Ellis,,ACME-D00106
brittany.white@cochrangroup.example.com,Cochran Group - Inbound,GTM Pipeline,Inbound,Won,19500,2026-07-19,Call Tracking,MSP,68.9,Marcus Lee,,ACME-D00107
calvin.gibson@wongmartin.example.com,Wong-Martin - Referral,GTM Pipeline,Referral,Lost,17250,2026-06-10,Referral,MSP,67.9,Priya Raman,,ACME-D00108
suzanne.harvey@kerrgrimesandmccann.example.com,Kerr Grimes and Mccann - Outbound,GTM Pipeline,Outbound,Lost,16800,2026-05-30,Outbound,MSP,58.3,Dana Whitfield,,ACME-D00109
heather.cole@fostershea.example.com,Foster-Shea - Inbound,GTM Pipeline,Inbound,Won,21900,2026-06-24,Google Ads,MSP,55.5,Sofia Alvarez,,ACME-D00110
sydney.peterson@maldonadollc.example.com,Maldonado LLC - Referral,GTM Pipeline,Referral,Won,12500,2026-06-11,Referral,MSP,65.6,Marcus Lee,,ACME-D00111
emma.mcmahon@perezgroup.example.com,Perez Group - Inbound,GTM Pipeline,Inbound,Lost,10100,2026-05-25,Meta Ads,MSP,61.1,Priya Raman,,ACME-D00112
michael.mckinney@foleymaxwellandrice.example.com,Foley Maxwell and Rice - Outbound,GTM Pipeline,Outbound,Lost,15450,2026-05-16,Outbound,MSP,64.2,Dana Whitfield,,ACME-D00113
courtney.flores@taylorrussellandwilliams.example.com,Taylor Russell and Williams - Inbound,GTM Pipeline,Inbound,Lost,16450,2026-05-14,Meta Ads,MSP,63.4,Dana Whitfield,,ACME-D00114
colin.thomas@maloneltd.example.com,Malone Ltd - Outbound,GTM Pipeline,Outbound,Lost,10900,2026-05-25,Outbound,MSP,63.3,Dana Whitfield,,ACME-D00115
alicia.kelly@watsonltd.example.com,Watson Ltd - Inbound,GTM Pipeline,Inbound,Lost,25550,2026-06-02,Google Ads,MSP,56.1,Dana Whitfield,,ACME-D00116
jennifer.thomas@pearsonrandolphanddougla.example.com,Pearson Randolph and Douglas - Inbound,GTM Pipeline,Inbound,Lost,25900,2026-05-27,Google Ads,MSP,63.2,Sofia Alvarez,,ACME-D00117
madison.gonzalez@elliottinc.example.com,Elliott Inc - Outbound,GTM Pipeline,Outbound,Lost,16150,2026-06-14,Outbound,MSP,51.6,Jordan Ellis,,ACME-D00118
rebecca.bennett@elliottgroup.example.com,Elliott Group - Referral,GTM Pipeline,Referral,Lost,19050,2026-05-28,Referral,MSP,63.1,Dana Whitfield,,ACME-D00119
henry.nielsen@olsengroup.example.com,Olsen Group - Inbound,GTM Pipeline,Inbound,Won,17800,2026-06-03,Google Ads,MSP,56.2,Jordan Ellis,,ACME-D00120
mindy.johnson@morrisjohnsonandmorris.example.com,Morris Johnson and Morris - Outbound,GTM Pipeline,Outbound,Lost,25800,2026-06-01,Outbound,MSP,61.3,Owen Brooks,,ACME-D00121
raven.schneider@burtonplc.example.com,Burton PLC - Outbound,GTM Pipeline,Outbound,Lost,14400,2026-07-16,Outbound,MSP,60.1,Sofia Alvarez,,ACME-D00122
timothy.copeland@collinsbakerandwilliams.example.com,Collins Baker and Williams - Inbound,GTM Pipeline,Inbound,Lost,12800,2026-06-22,Google Ads,MSP,55.2,Marcus Lee,,ACME-D00123
james.harris@bishopsullivanandluna.example.com,Bishop Sullivan and Luna - Outbound,GTM Pipeline,Outbound,Lost,32200,2026-06-11,Outbound,MSP,59.9,Jordan Ellis,,ACME-D00124
brian.shaw@weberinc.example.com,Weber Inc - Referral,GTM Pipeline,Referral,Won,18250,2026-06-02,Referral,MSP,58.2,Sofia Alvarez,,ACME-D00125
amy.james@hollandruizandpeterson.example.com,Holland Ruiz and Peterson - Inbound,GTM Pipeline,Inbound,Lost,16600,2026-05-28,Google Ads,MSP,60.8,Priya Raman,,ACME-D00126
douglas.wang@smithandsons.example.com,Smith and Sons - Inbound,GTM Pipeline,Inbound,Lost,13200,2026-06-02,Google Ads,MSP,60.2,Priya Raman,,ACME-D00127
jessica.santiago@hoodltd.example.com,Hood Ltd - Referral,GTM Pipeline,Referral,Lost,16150,2026-05-30,Referral,MSP,62.6,Sofia Alvarez,,ACME-D00128
alexander.scott@skinnerbrockandfitzgeral.example.com,Skinner Brock and Fitzgerald - Inbound,GTM Pipeline,Inbound,Lost,16550,2026-05-23,Google Ads,MSP,62.4,Sofia Alvarez,,ACME-D00129
daniel.burnett@burnssmith.example.com,Burns-Smith - Inbound,GTM Pipeline,Inbound,Lost,8550,2026-06-20,Google Ads,MSP,70.9,Marcus Lee,,ACME-D00130
jason.richards@taylorinc.example.com,Taylor Inc - Inbound,GTM Pipeline,Inbound,Lost,14400,2026-07-13,Call Tracking,MSP,64.8,Dana Whitfield,,ACME-D00131
brenda.owen@sanchezbarrett.example.com,Sanchez-Barrett - Inbound,GTM Pipeline,Inbound,Lost,7900,2026-06-01,Google Ads,MSP,54.9,Marcus Lee,,ACME-D00132
lisa.barajas@gordonshannon.example.com,Gordon-Shannon - Outbound,GTM Pipeline,Outbound,Lost,27750,2026-05-28,Outbound,MSP,60.3,Priya Raman,,ACME-D00133
joshua.johnson@baldwinllc.example.com,Baldwin LLC - Inbound,GTM Pipeline,Inbound,Lost,10950,2026-05-31,Call Tracking,MSP,57.9,Priya Raman,,ACME-D00134
james.fitzgerald@leepowellandcampbell.example.com,Lee Powell and Campbell - Inbound,GTM Pipeline,Inbound,Lost,10100,2026-05-24,Call Tracking,MSP,58.5,Jordan Ellis,,ACME-D00135
carol.brown@wilsongroup.example.com,Wilson Group - Referral,GTM Pipeline,Referral,Lost,10000,2026-06-17,Referral,MSP,61.9,Marcus Lee,,ACME-D00136
stephanie.thompson@brownsmith.example.com,Brown-Smith - Referral,GTM Pipeline,Referral,Lost,14000,2026-05-20,Referral,MSP,60.6,Acme Round Robin,,ACME-D00137
michael.jenkins@stuartandsons.example.com,Stuart and Sons - Referral,GTM Pipeline,Referral,Lost,16200,2026-05-31,Referral,MSP,54.3,Sofia Alvarez,,ACME-D00138
monica.fisher@robertsandsons.example.com,Roberts and Sons - Referral,GTM Pipeline,Referral,Won,10200,2026-06-11,Referral,MSP,58.8,Dana Whitfield,,ACME-D00139
sara.parks@carrilloharris.example.com,Carrillo-Harris - Inbound,GTM Pipeline,Inbound,Lost,11400,2026-05-26,Google Ads,MSP,61.1,Dana Whitfield,,ACME-D00140
jennifer.kane@floresplc.example.com,Flores PLC - Referral,GTM Pipeline,Referral,Won,9850,2026-07-30,Referral,MSP,51.2,Jordan Ellis,,ACME-D00141
james.ramirez@douglaspineda.example.com,Douglas-Pineda - Inbound,GTM Pipeline,Inbound,Won,10450,2026-06-18,Call Tracking,MSP,60.4,Priya Raman,,ACME-D00142
regina.cole@adamsharris.example.com,Adams-Harris - Inbound,GTM Pipeline,Inbound,Lost,17200,2026-05-26,Google Ads,MSP,57.5,Grace Kim,,ACME-D00143
donna.peterson@johnsonsandovalandphelps.example.com,Johnson Sandoval and Phelps - Inbound,GTM Pipeline,Inbound,Won,17350,2026-06-29,Google Ads,MSP,54.3,Owen Brooks,,ACME-D00144
kristin.preston@martinhuntandrodriguez.example.com,Martin Hunt and Rodriguez - Inbound,GTM Pipeline,Inbound,Lost,10850,2026-05-18,Call Tracking,MSP,60.4,Marcus Lee,,ACME-D00145
brian.fleming@scottshortandhaynes.example.com,Scott Short and Haynes - Inbound,GTM Pipeline,Inbound,Lost,8100,2026-05-25,Meta Ads,MSP,59.1,Jordan Ellis,,ACME-D00146
bonnie.tanner@murilloandsons.example.com,Murillo and Sons - Inbound,GTM Pipeline,Inbound,Won,14450,2026-06-27,Call Tracking,MSP,61.7,Priya Raman,,ACME-D00147
bailey.hale@smithtaylorandlarson.example.com,Smith Taylor and Larson - Inbound,GTM Pipeline,Inbound,Lost,11550,2026-06-02,Call Tracking,MSP,61.5,Acme Round Robin,,ACME-D00148
heather.blair@franklinllc.example.com,Franklin LLC - Outbound,GTM Pipeline,Outbound,Won,16050,2026-07-06,Outbound,MSP,56.7,Owen Brooks,,ACME-D00149
timothy.white@wilsongroup.example.com,Wilson Group - Inbound,GTM Pipeline,Inbound,Lost,14600,2026-07-12,Google Ads,MSP,54.7,Marcus Lee,,ACME-D00150
david.montgomery@cruzplc.example.com,Cruz PLC - Outbound,GTM Pipeline,Outbound,Lost,9250,2026-05-28,Outbound,MSP,55.8,Dana Whitfield,,ACME-D00151
kelly.page@hillgroup.example.com,Hill Group - Outbound,GTM Pipeline,Outbound,Lost,18450,2026-08-07,Outbound,MSP,55.8,Acme Round Robin,,ACME-D00152
johnny.turner@benderalexanderandmccart.example.com,Bender Alexander and Mccarthy - Inbound,GTM Pipeline,Inbound,Lost,19300,2026-06-09,Google Ads,MSP,62.5,Grace Kim,,ACME-D00153
alexandra.morrow@rodriguezgarciaandjackso.example.com,Rodriguez Garcia and Jackson - Inbound,GTM Pipeline,Inbound,Lost,14550,2026-06-03,Google Ads,MSP,59.0,Priya Raman,,ACME-D00154
jill.williams@williamscaseyandyork.example.com,Williams Casey and York - Inbound,GTM Pipeline,Inbound,Lost,15200,2026-06-23,Call Tracking,MSP,61.0,Jordan Ellis,,ACME-D00155
erik.gomez@huffballard.example.com,Huff-Ballard - Outbound,GTM Pipeline,Outbound,Lost,10400,2026-06-01,Outbound,MSP,53.4,Sofia Alvarez,,ACME-D00156
leroy.nolan@galvanandsons.example.com,Galvan and Sons - Referral,GTM Pipeline,Referral,Lost,19550,2026-06-12,Referral,MSP,65.5,Marcus Lee,,ACME-D00157
stephanie.stevens@williamsmiles.example.com,Williams-Miles - Inbound,GTM Pipeline,Inbound,Lost,11950,2026-06-03,Google Ads,MSP,65.9,Sofia Alvarez,,ACME-D00158
matthew.smith@smithriley.example.com,Smith-Riley - Inbound,GTM Pipeline,Inbound,Lost,12400,2026-06-13,Call Tracking,MSP,60.4,Grace Kim,,ACME-D00159
joanna.greer@conradholt.example.com,Conrad-Holt - Inbound,GTM Pipeline,Inbound,Lost,11550,2026-06-24,Call Tracking,MSP,56.9,Grace Kim,,ACME-D00160
amy.blake@hillllc.example.com,Hill LLC - Inbound,GTM Pipeline,Inbound,Lost,17400,2026-05-31,Google Ads,MSP,57.5,Marcus Lee,,ACME-D00161
lindsey.rush@ryannorris.example.com,Ryan-Norris - Outbound,GTM Pipeline,Outbound,Lost,14600,2026-05-31,Outbound,MSP,58.8,Marcus Lee,,ACME-D00162
christine.lee@costabeard.example.com,Costa-Beard - Referral,GTM Pipeline,Referral,Lost,17550,2026-06-12,Referral,MSP,64.6,Jordan Ellis,,ACME-D00163
charles.velasquez@burkeinc.example.com,Burke Inc - Inbound,GTM Pipeline,Inbound,Lost,9150,2026-06-19,Google Ads,MSP,58.3,Sofia Alvarez,,ACME-D00164
tara.castaneda@bernardjones.example.com,Bernard-Jones - Outbound,GTM Pipeline,Outbound,Lost,15300,2026-07-02,Outbound,MSP,59.2,Priya Raman,,ACME-D00165
david.taylor@hamiltonltd.example.com,Hamilton Ltd - Inbound,GTM Pipeline,Inbound,Lost,8250,2026-06-03,Google Ads,MSP,57.6,Jordan Ellis,,ACME-D00166
cameron.gutierrez@lewisltd.example.com,Lewis Ltd - Inbound,GTM Pipeline,Inbound,Lost,16750,2026-06-11,Google Ads,MSP,63.3,Marcus Lee,,ACME-D00167
marc.fuller@salazarbyrd.example.com,Salazar-Byrd - Referral,GTM Pipeline,Referral,Lost,14650,2026-05-31,Referral,MSP,64.5,Dana Whitfield,,ACME-D00168
kristen.anderson@mcdonaldshah.example.com,Mcdonald-Shah - Inbound,GTM Pipeline,Inbound,Lost,12700,2026-06-04,Google Ads,MSP,65.8,Marcus Lee,,ACME-D00169
zachary.stevens@simsltd.example.com,Sims Ltd - Outbound,GTM Pipeline,Outbound,Lost,26050,2026-06-02,Outbound,MSP,60.4,Priya Raman,,ACME-D00170
joseph.proctor@collinsgroup.example.com,Collins Group - Inbound,GTM Pipeline,Inbound,Lost,11650,2026-06-06,Meta Ads,MSP,61.1,Sofia Alvarez,,ACME-D00171
daryl.green@ellisplc.example.com,Ellis PLC - Inbound,GTM Pipeline,Inbound,Lost,14750,2026-06-22,Google Ads,MSP,62.9,Sofia Alvarez,,ACME-D00172
john.matthews@christensenabbott.example.com,Christensen-Abbott - Referral,GTM Pipeline,Referral,Won,23200,2026-06-22,Referral,MSP,61.1,Jordan Ellis,,ACME-D00173
katie.guerra@estradageorgeandmurray.example.com,Estrada George and Murray - Referral,GTM Pipeline,Referral,Lost,26250,2026-06-26,Referral,MSP,70.3,Owen Brooks,,ACME-D00174
tammy.joseph@kruegerllc.example.com,Krueger LLC - Inbound,GTM Pipeline,Inbound,Lost,11300,2026-06-25,Google Ads,MSP,62.9,Priya Raman,,ACME-D00175
elizabeth.brennan@woodmartin.example.com,Wood-Martin - Inbound,GTM Pipeline,Inbound,Won,11250,2026-07-10,Google Ads,MSP,66.5,Dana Whitfield,,ACME-D00176
greg.lester@smithandsons.example.com,Smith and Sons - Referral,GTM Pipeline,Referral,Lost,9200,2026-06-14,Referral,MSP,67.9,Priya Raman,,ACME-D00177
kyle.barber@thomasltd.example.com,Thomas Ltd - Referral,GTM Pipeline,Referral,Lost,19150,2026-06-10,Referral,MSP,64.0,Dana Whitfield,,ACME-D00178
alexandra.everett@maddenchavezandramirez.example.com,Madden Chavez and Ramirez - Referral,GTM Pipeline,Referral,Lost,10350,2026-06-20,Referral,MSP,62.3,Jordan Ellis,,ACME-D00179
jennifer.newton@martinthompson.example.com,Martin-Thompson - Inbound,GTM Pipeline,Inbound,Won,13250,2026-06-13,Google Ads,MSP,60.6,Priya Raman,,ACME-D00180
veronica.nichols@carlsonalexander.example.com,Carlson-Alexander - Inbound,GTM Pipeline,Inbound,Lost,10100,2026-09-06,Google Ads,MSP,63.1,Owen Brooks,,ACME-D00181
michael.pierce@hicksreid.example.com,Hicks-Reid - Inbound,GTM Pipeline,Inbound,Lost,13250,2026-07-11,Google Ads,MSP,56.3,Jordan Ellis,,ACME-D00182
kimberly.parker@scottdawsonandhines.example.com,Scott Dawson and Hines - Referral,GTM Pipeline,Referral,Lost,31500,2026-07-05,Referral,MSP,58.9,Dana Whitfield,,ACME-D00183
kathy.johnson@davischristianandfitzger.example.com,Davis Christian and Fitzgerald - Referral,GTM Pipeline,Referral,Won,10850,2026-07-11,Referral,MSP,66.3,Dana Whitfield,,ACME-D00184
hannah.butler@webbbrown.example.com,Webb-Brown - Referral,GTM Pipeline,Referral,Lost,12650,2026-06-27,Referral,MSP,59.4,Jordan Ellis,,ACME-D00185
elizabeth.sanders@sandersperryandmay.example.com,Sanders Perry and May - Inbound,GTM Pipeline,Inbound,Lost,12900,2026-06-23,Meta Ads,MSP,58.3,Owen Brooks,,ACME-D00186
angel.martin@ayersgroup.example.com,Ayers Group - Referral,GTM Pipeline,Referral,Lost,20150,2026-06-29,Referral,MSP,60.3,Owen Brooks,,ACME-D00187
susan.hernandez@allenmartinez.example.com,Allen-Martinez - Inbound,GTM Pipeline,Inbound,Lost,5750,2026-06-05,Meta Ads,MSP,58.9,Dana Whitfield,,ACME-D00188
douglas.rodriguez@jonessmithandward.example.com,Jones Smith and Ward - Outbound,GTM Pipeline,Outbound,Lost,22100,2026-06-07,Outbound,MSP,66.4,Marcus Lee,,ACME-D00189
angela.hoover@schmidthall.example.com,Schmidt-Hall - Inbound,GTM Pipeline,Inbound,Lost,17100,2026-06-08,Google Ads,MSP,66.0,Dana Whitfield,,ACME-D00190
tammy.gonzalez@maywaltersandbush.example.com,May Walters and Bush - Referral,GTM Pipeline,Referral,Lost,12550,2026-07-03,Referral,MSP,66.4,Dana Whitfield,,ACME-D00191
lauren.garcia@wilkinsonkelleyandhughes.example.com,Wilkinson Kelley and Hughes - Inbound,GTM Pipeline,Inbound,Won,18500,2026-06-30,Google Ads,MSP,60.0,Grace Kim,,ACME-D00192
willie.taylor@allenplc.example.com,Allen PLC - Inbound,GTM Pipeline,Inbound,Lost,7950,2026-06-10,Call Tracking,MSP,57.6,Marcus Lee,,ACME-D00193
joshua.herrera@gutierrezinc.example.com,Gutierrez Inc - Referral,GTM Pipeline,Referral,Lost,10550,2026-06-09,Referral,MSP,64.6,Dana Whitfield,,ACME-D00194
stephanie.dixon@campbellltd.example.com,Campbell Ltd - Referral,GTM Pipeline,Referral,Lost,16000,2026-06-06,Referral,MSP,71.6,Priya Raman,,ACME-D00195
christopher.rivera@gonzalezllc.example.com,Gonzalez LLC - Inbound,GTM Pipeline,Inbound,Lost,17700,2026-06-07,Google Ads,MSP,62.1,Jordan Ellis,,ACME-D00196
erica.peterson@gibbslawrence.example.com,Gibbs-Lawrence - Referral,GTM Pipeline,Referral,Lost,17700,2026-07-01,Referral,MSP,57.1,Marcus Lee,,ACME-D00197
deanna.benson@weaverinc.example.com,Weaver Inc - Referral,GTM Pipeline,Referral,Lost,12950,2026-06-27,Referral,MSP,61.3,Dana Whitfield,,ACME-D00198
kenneth.porter@davisrodriguez.example.com,Davis-Rodriguez - Inbound,GTM Pipeline,Inbound,Won,15250,2026-08-24,Meta Ads,MSP,64.2,Priya Raman,,ACME-D00199
stacy.robinson@harrisellison.example.com,Harris-Ellison - Inbound,GTM Pipeline,Inbound,Lost,12000,2026-06-10,Google Ads,MSP,56.8,Marcus Lee,,ACME-D00200
jessica.novak@johnsonstevensandtran.example.com,Johnson Stevens and Tran - Inbound,GTM Pipeline,Inbound,Lost,16250,2026-06-07,Google Ads,MSP,56.5,Priya Raman,,ACME-D00201
matthew.berry@crossmartinezandperez.example.com,Cross Martinez and Perez - Inbound,GTM Pipeline,Inbound,Lost,34350,2026-06-10,Call Tracking,MSP,54.4,Marcus Lee,,ACME-D00202
philip.edwards@jenkinsvelazquez.example.com,Jenkins-Velazquez - Inbound,GTM Pipeline,Inbound,Lost,12600,2026-06-15,Call Tracking,MSP,61.2,Dana Whitfield,,ACME-D00203
brittany.bradford@millertorres.example.com,Miller-Torres - Inbound,GTM Pipeline,Inbound,Won,17750,2026-07-19,Call Tracking,MSP,64.8,Grace Kim,,ACME-D00204
jonathan.rice@johnsonplc.example.com,Johnson PLC - Referral,GTM Pipeline,Referral,Lost,17300,2026-07-28,Referral,MSP,66.6,Priya Raman,,ACME-D00205
joseph.snyder@wallssmith.example.com,Walls-Smith - Inbound,GTM Pipeline,Inbound,Lost,9900,2026-07-19,Google Ads,MSP,55.9,Dana Whitfield,,ACME-D00206
jodi.clark@williamstaylorandcooley.example.com,Williams Taylor and Cooley - Inbound,GTM Pipeline,Inbound,Lost,15500,2026-07-08,Google Ads,MSP,49.3,Marcus Lee,,ACME-D00207
ashley.lewis@garciainc.example.com,Garcia Inc - Inbound,GTM Pipeline,Inbound,Lost,18050,2026-06-12,Google Ads,MSP,50.9,Sofia Alvarez,,ACME-D00208
monica.hampton@rivasroberts.example.com,Rivas-Roberts - Outbound,GTM Pipeline,Outbound,Won,14000,2026-07-20,Outbound,MSP,49.8,Priya Raman,,ACME-D00209
charles.miles@porterandsons.example.com,Porter and Sons - Inbound,GTM Pipeline,Inbound,Lost,8200,2026-07-05,Call Tracking,MSP,59.2,Jordan Ellis,,ACME-D00210
amy.bennett@greenoliverandjones.example.com,Green Oliver and Jones - Inbound,GTM Pipeline,Inbound,Lost,9800,2026-06-15,Google Ads,MSP,63.0,Sofia Alvarez,,ACME-D00211
william.harper@lutzfuentes.example.com,Lutz-Fuentes - Referral,GTM Pipeline,Referral,Lost,9350,2026-06-20,Referral,MSP,63.2,Dana Whitfield,,ACME-D00212
allison.obrien@woodkramer.example.com,Wood-Kramer - Inbound,GTM Pipeline,Inbound,Lost,11550,2026-06-23,Call Tracking,MSP,63.5,Grace Kim,,ACME-D00213
brian.tyler@smithfloresandwalter.example.com,Smith Flores and Walter - Inbound,GTM Pipeline,Inbound,Lost,15550,2026-06-17,Meta Ads,MSP,61.3,Jordan Ellis,,ACME-D00214
lisa.turner@cruzprattandruiz.example.com,Cruz Pratt and Ruiz - Inbound,GTM Pipeline,Inbound,Lost,7600,2026-06-16,Google Ads,MSP,61.7,Sofia Alvarez,,ACME-D00215
gregory.townsend@campbellriveraandlane.example.com,Campbell Rivera and Lane - Inbound,GTM Pipeline,Inbound,Won,13150,2026-07-21,Google Ads,MSP,57.6,Acme Round Robin,,ACME-D00216
elizabeth.ward@danielsltd.example.com,Daniels Ltd - Inbound,GTM Pipeline,Inbound,Lost,11600,2026-06-10,Google Ads,MSP,60.4,Priya Raman,,ACME-D00217
melissa.barry@johnsonwoodsandmiller.example.com,Johnson Woods and Miller - Inbound,GTM Pipeline,Inbound,Lost,11900,2026-07-01,Meta Ads,MSP,54.6,Marcus Lee,,ACME-D00218
roger.lewis@melendezdonaldson.example.com,Melendez-Donaldson - Outbound,GTM Pipeline,Outbound,Lost,11000,2026-06-19,Outbound,MSP,63.3,Sofia Alvarez,,ACME-D00219
tracie.espinoza@wilsonwheeler.example.com,Wilson-Wheeler - Outbound,GTM Pipeline,Outbound,Lost,11300,2026-06-19,Outbound,MSP,56.4,Grace Kim,,ACME-D00220
christopher.stevens@blackjefferson.example.com,Black-Jefferson - Inbound,GTM Pipeline,Inbound,Lost,19450,2026-06-22,Google Ads,MSP,59.5,Dana Whitfield,,ACME-D00221
tracey.adams@powellacostaandwatson.example.com,Powell Acosta and Watson - Inbound,GTM Pipeline,Inbound,Lost,13000,2026-06-15,Call Tracking,MSP,60.9,Marcus Lee,,ACME-D00222
amanda.lyons@kramerkleinandmueller.example.com,Kramer Klein and Mueller - Referral,GTM Pipeline,Referral,Lost,9950,2026-07-05,Referral,MSP,63.5,Jordan Ellis,,ACME-D00223
jacob.hutchinson@wilsonkimandwallace.example.com,Wilson Kim and Wallace - Referral,GTM Pipeline,Referral,Won,8950,2026-07-17,Referral,MSP,60.1,Priya Raman,,ACME-D00224
william.hernandez@mooreandsons.example.com,Moore and Sons - Inbound,GTM Pipeline,Inbound,Lost,13350,2026-06-13,Call Tracking,MSP,64.3,Owen Brooks,,ACME-D00225
jeffrey.ramirez@dixonchapman.example.com,Dixon-Chapman - Inbound,GTM Pipeline,Inbound,Lost,16000,2026-06-12,Google Ads,MSP,61.1,Owen Brooks,,ACME-D00226
dennis.wright@whitemcintyreandryan.example.com,White Mcintyre and Ryan - Referral,GTM Pipeline,Referral,Lost,12400,2026-06-13,Referral,MSP,65.5,Jordan Ellis,,ACME-D00227
autumn.pena@salazarllc.example.com,Salazar LLC - Referral,GTM Pipeline,Referral,Lost,17100,2026-06-26,Referral,MSP,63.8,Jordan Ellis,,ACME-D00228
destiny.mckenzie@fischerltd.example.com,Fischer Ltd - Inbound,GTM Pipeline,Inbound,Lost,14300,2026-06-21,Call Tracking,MSP,62.5,Dana Whitfield,,ACME-D00229
amanda.roberts@gonzalezinc.example.com,Gonzalez Inc - Inbound,GTM Pipeline,Inbound,Lost,17900,2026-06-16,Google Ads,MSP,58.3,Owen Brooks,,ACME-D00230
brent.haynes@weberinc.example.com,Weber Inc - Referral,GTM Pipeline,Referral,Won,16300,2026-07-01,Referral,MSP,61.4,Sofia Alvarez,,ACME-D00231
victoria.clark@martinjacobsonandlee.example.com,Martin Jacobson and Lee - Inbound,GTM Pipeline,Inbound,Lost,18750,2026-08-16,Meta Ads,MSP,46.5,Sofia Alvarez,,ACME-D00232
justin.soto@harrismartinez.example.com,Harris-Martinez - Outbound,GTM Pipeline,Outbound,Lost,11200,2026-06-18,Outbound,MSP,58.8,Dana Whitfield,,ACME-D00233
christina.watson@jacobswhite.example.com,Jacobs-White - Inbound,GTM Pipeline,Inbound,Lost,21350,2026-06-29,Google Ads,MSP,64.7,Jordan Ellis,,ACME-D00234
angelica.bowers@beckerllc.example.com,Becker LLC - Inbound,GTM Pipeline,Inbound,Lost,32750,2026-07-19,Google Ads,MSP,61.7,Grace Kim,,ACME-D00235
kimberly.tran@sandersllc.example.com,Sanders LLC - Outbound,GTM Pipeline,Outbound,Won,17000,2026-07-07,Outbound,MSP,55.1,Dana Whitfield,,ACME-D00236
michelle.armstrong@vazquezmyersandhernandez.example.com,Vazquez Myers and Hernandez - Inbound,GTM Pipeline,Inbound,Lost,9550,2026-07-04,Google Ads,MSP,58.9,Dana Whitfield,,ACME-D00237
carla.williams@andersonjohnsonandjordan.example.com,Anderson Johnson and Jordan - Referral,GTM Pipeline,Referral,Lost,8350,2026-06-19,Referral,MSP,57.5,Jordan Ellis,,ACME-D00238
amanda.white@coxgarciaandrosales.example.com,Cox Garcia and Rosales - Inbound,GTM Pipeline,Inbound,Lost,13350,2026-07-25,Google Ads,MSP,56.1,Grace Kim,,ACME-D00239
nicholas.johnson@gatessanchezandmatthews.example.com,Gates Sanchez and Matthews - Inbound,GTM Pipeline,Inbound,Lost,16900,2026-07-05,Meta Ads,MSP,60.1,Priya Raman,,ACME-D00240
colleen.faulkner@mccoyplc.example.com,Mccoy PLC - Referral,GTM Pipeline,Referral,Lost,16000,2026-06-23,Referral,MSP,68.0,Owen Brooks,,ACME-D00241
tara.schneider@hartmangrimesandchapman.example.com,Hartman Grimes and Chapman - Outbound,GTM Pipeline,Outbound,Lost,11300,2026-06-25,Outbound,MSP,58.8,Owen Brooks,,ACME-D00242
richard.dodson@bryantboyer.example.com,Bryant-Boyer - Inbound,GTM Pipeline,Inbound,Lost,15550,2026-06-17,Google Ads,MSP,63.1,Marcus Lee,,ACME-D00243
shannon.young@harmongroup.example.com,Harmon Group - Outbound,GTM Pipeline,Outbound,Lost,11800,2026-07-09,Outbound,MSP,57.7,Priya Raman,,ACME-D00244
victoria.herman@lewisllc.example.com,Lewis LLC - Inbound,GTM Pipeline,Inbound,Lost,11000,2026-07-03,Google Ads,MSP,58.0,Marcus Lee,,ACME-D00245
george.reynolds@maxwellgriffinandparks.example.com,Maxwell Griffin and Parks - Outbound,GTM Pipeline,Outbound,Lost,17800,2026-07-08,Outbound,MSP,58.8,Dana Whitfield,,ACME-D00246
jacqueline.stanley@chavezallenandmcdonald.example.com,Chavez Allen and Mcdonald - Referral,GTM Pipeline,Referral,Lost,12150,2026-07-26,Referral,MSP,60.7,Jordan Ellis,,ACME-D00247
kevin.ritter@gibsonallison.example.com,Gibson-Allison - Inbound,GTM Pipeline,Inbound,Lost,9900,2026-07-27,Google Ads,MSP,61.9,Jordan Ellis,,ACME-D00248
stacey.smith@tuckerllc.example.com,Tucker LLC - Inbound,GTM Pipeline,Inbound,Lost,10600,2026-07-10,Meta Ads,MSP,60.4,Dana Whitfield,,ACME-D00249
jennifer.patel@steelerobertsonandbell.example.com,Steele Robertson and Bell - Inbound,GTM Pipeline,Inbound,Lost,26250,2026-06-30,Meta Ads,MSP,63.8,Sofia Alvarez,,ACME-D00250
travis.poole@garrisonzhang.example.com,Garrison-Zhang - Inbound,GTM Pipeline,Inbound,Lost,5950,2026-07-05,Call Tracking,MSP,61.8,Marcus Lee,,ACME-D00251
austin.garza@penaplc.example.com,Pena PLC - Inbound,GTM Pipeline,Inbound,Lost,22500,2026-06-27,Google Ads,MSP,59.1,Dana Whitfield,,ACME-D00252
michael.hill@hensleywolfandpeters.example.com,Hensley Wolf and Peters - Referral,GTM Pipeline,Referral,Lost,15050,2026-08-09,Referral,MSP,56.7,Sofia Alvarez,,ACME-D00253
matthew.mendez@clarkrichandhoward.example.com,Clark Rich and Howard - Inbound,GTM Pipeline,Inbound,Lost,10400,2026-08-31,Google Ads,MSP,61.0,Dana Whitfield,,ACME-D00254
jamie.davis@jonesdennisandthompson.example.com,Jones Dennis and Thompson - Inbound,GTM Pipeline,Inbound,Lost,14450,2026-06-30,Meta Ads,MSP,59.5,Jordan Ellis,,ACME-D00255
sara.hopkins@coxllc.example.com,Cox LLC - Referral,GTM Pipeline,Referral,Lost,17500,2026-07-07,Referral,MSP,72.1,Dana Whitfield,,ACME-D00256
leslie.benjamin@willisplc.example.com,Willis PLC - Outbound,GTM Pipeline,Outbound,Won,11850,2026-08-06,Outbound,MSP,56.1,Grace Kim,,ACME-D00257
ashley.solomon@hernandezinc.example.com,Hernandez Inc - Referral,GTM Pipeline,Referral,Lost,20150,2026-06-30,Referral,MSP,68.0,Priya Raman,,ACME-D00258
jennifer.webster@williamsinc.example.com,Williams Inc - Outbound,GTM Pipeline,Outbound,Lost,15650,2026-07-11,Outbound,MSP,58.2,Marcus Lee,,ACME-D00259
lindsay.schwartz@taylorchambersanddavidso.example.com,Taylor Chambers and Davidson - Inbound,GTM Pipeline,Inbound,Lost,13650,2026-07-24,Call Tracking,MSP,63.0,Grace Kim,,ACME-D00260
joe.caldwell@browningkerr.example.com,Browning-Kerr - Inbound,GTM Pipeline,Inbound,Lost,8700,2026-07-16,Call Tracking,MSP,55.5,Sofia Alvarez,,ACME-D00261
gregory.russell@mackrivasandalvarez.example.com,Mack Rivas and Alvarez - Inbound,GTM Pipeline,Inbound,Lost,14400,2026-07-16,Google Ads,MSP,63.1,Jordan Ellis,,ACME-D00262
kelly.haynes@suttongriffinandswanson.example.com,Sutton Griffin and Swanson - Referral,GTM Pipeline,Referral,Lost,20150,2026-07-04,Referral,MSP,67.7,Marcus Lee,,ACME-D00263
michael.mcdonald@mckenzieandsons.example.com,Mckenzie and Sons - Inbound,GTM Pipeline,Inbound,Won,14000,2026-08-11,Google Ads,MSP,56.0,Sofia Alvarez,,ACME-D00264
benjamin.cunningham@thompsonwilson.example.com,Thompson-Wilson - Inbound,GTM Pipeline,Inbound,Lost,13800,2026-07-10,Google Ads,MSP,54.4,Marcus Lee,,ACME-D00265
mikayla.gonzales@woodardgroup.example.com,Woodard Group - Inbound,GTM Pipeline,Inbound,Lost,16800,2026-08-14,Meta Ads,MSP,62.6,Owen Brooks,,ACME-D00266
rachel.friedman@johnsonshawandroach.example.com,Johnson Shaw and Roach - Inbound,GTM Pipeline,Inbound,Lost,8350,2026-07-15,Meta Ads,MSP,61.8,Priya Raman,,ACME-D00267
james.beltran@rodriguezhillandturner.example.com,Rodriguez Hill and Turner - Inbound,GTM Pipeline,Inbound,Lost,15100,2026-07-27,Google Ads,MSP,56.6,Dana Whitfield,,ACME-D00268
alan.green@nolanjordan.example.com,Nolan-Jordan - Outbound,GTM Pipeline,Outbound,Lost,16400,2026-07-04,Outbound,MSP,63.8,Owen Brooks,,ACME-D00269
brian.brown@oneillllc.example.com,Oneill LLC - Inbound,GTM Pipeline,Inbound,Lost,18550,2026-07-12,Google Ads,MSP,61.9,Sofia Alvarez,,ACME-D00270
allison.spencer@brandtwilliamsandpatrick.example.com,Brandt Williams and Patrick - Inbound,GTM Pipeline,Inbound,Lost,6050,2026-07-07,Call Tracking,MSP,64.4,Grace Kim,,ACME-D00271
victor.diaz@millermiddleton.example.com,Miller-Middleton - Referral,GTM Pipeline,Referral,Lost,30350,2026-07-12,Referral,MSP,68.4,Sofia Alvarez,,ACME-D00272
mia.burns@bakercarrandmoore.example.com,Baker Carr and Moore - Outbound,GTM Pipeline,Outbound,Lost,26650,2026-07-15,Outbound,MSP,57.8,Dana Whitfield,,ACME-D00273
ryan.jones@smithpage.example.com,Smith-Page - Outbound,GTM Pipeline,Outbound,Lost,32750,2026-07-08,Outbound,MSP,56.6,Priya Raman,,ACME-D00274
laura.harrison@scottwolfe.example.com,Scott-Wolfe - Referral,GTM Pipeline,Referral,Lost,12900,2026-07-23,Referral,MSP,64.3,Marcus Lee,,ACME-D00275
elizabeth.hill@williamsjohns.example.com,Williams-Johns - Inbound,GTM Pipeline,Inbound,Lost,13500,2026-07-22,Call Tracking,MSP,59.3,Grace Kim,,ACME-D00276
vanessa.escobar@smithandsons.example.com,Smith and Sons - Inbound,GTM Pipeline,Inbound,Lost,9800,2026-07-17,Google Ads,MSP,59.0,Priya Raman,,ACME-D00277
danielle.marquez@mooremoore.example.com,Moore-Moore - Referral,GTM Pipeline,Referral,Won,14150,2026-08-12,Referral,MSP,59.8,Jordan Ellis,,ACME-D00278
matthew.hernandez@steelewatson.example.com,Steele-Watson - Inbound,GTM Pipeline,Inbound,Lost,13200,2026-09-20,Google Ads,MSP,65.2,Dana Whitfield,,ACME-D00279
robert.webster@kramerltd.example.com,Kramer Ltd - Inbound,GTM Pipeline,Inbound,Lost,15850,2026-07-21,Google Ads,MSP,60.8,Priya Raman,,ACME-D00280
evan.willis@bowenandsons.example.com,Bowen and Sons - Inbound,GTM Pipeline,Inbound,Lost,12750,2026-07-06,Meta Ads,MSP,59.6,Dana Whitfield,,ACME-D00281
kristina.anthony@jenkinsplc.example.com,Jenkins PLC - Outbound,GTM Pipeline,Outbound,Lost,16400,2026-07-09,Outbound,MSP,56.7,Marcus Lee,,ACME-D00282
natalie.williams@stonejackson.example.com,Stone-Jackson - Inbound,GTM Pipeline,Inbound,Lost,15600,2026-08-07,Call Tracking,MSP,63.7,Acme Round Robin,,ACME-D00283
karen.smith@taylorturner.example.com,Taylor-Turner - Referral,GTM Pipeline,Referral,Won,13250,2026-09-07,Referral,MSP,64.2,Owen Brooks,,ACME-D00284
sandra.hernandez@romanroberts.example.com,Roman-Roberts - Inbound,GTM Pipeline,Inbound,Lost,10500,2026-07-24,Google Ads,MSP,54.5,Owen Brooks,,ACME-D00285
ralph.adams@olivergroup.example.com,Oliver Group - Referral,GTM Pipeline,Referral,Lost,12400,2026-07-22,Referral,MSP,68.1,Jordan Ellis,,ACME-D00286
troy.smith@bruceandsons.example.com,Bruce and Sons - Inbound,GTM Pipeline,Inbound,Lost,17750,2026-07-14,Google Ads,MSP,57.2,Dana Whitfield,,ACME-D00287
melinda.galloway@smithltd.example.com,Smith Ltd - Inbound,GTM Pipeline,Inbound,Lost,6550,2026-07-22,Meta Ads,MSP,52.5,Marcus Lee,,ACME-D00288
brianna.zamora@bryantmedina.example.com,Bryant-Medina - Inbound,GTM Pipeline,Inbound,Lost,14250,2026-07-19,Call Tracking,MSP,60.4,Dana Whitfield,,ACME-D00289
heather.rodriguez@clarkjones.example.com,Clark-Jones - Inbound,GTM Pipeline,Inbound,Lost,9050,2026-08-13,Google Ads,MSP,55.2,Dana Whitfield,,ACME-D00290
john.taylor@wigginsmartin.example.com,Wiggins-Martin - Inbound,GTM Pipeline,Inbound,Lost,14900,2026-07-22,Meta Ads,MSP,60.2,Dana Whitfield,,ACME-D00291
heather.smith@williamsbowman.example.com,Williams-Bowman - Inbound,GTM Pipeline,Inbound,Lost,18050,2026-07-17,Google Ads,MSP,53.1,Sofia Alvarez,,ACME-D00292
randy.warren@millerplc.example.com,Miller PLC - Inbound,GTM Pipeline,Inbound,Lost,21350,2026-07-28,Google Ads,MSP,57.9,Marcus Lee,,ACME-D00293
mario.gray@jacksonedwards.example.com,Jackson-Edwards - Outbound,GTM Pipeline,Outbound,Lost,12450,2026-09-01,Outbound,MSP,54.2,Acme Round Robin,,ACME-D00294
richard.wilson@ramirezgonzalez.example.com,Ramirez-Gonzalez - Referral,GTM Pipeline,Referral,Won,15400,2026-07-29,Referral,MSP,59.8,Marcus Lee,,ACME-D00295
beverly.harper@mullinsandersonanddavies.example.com,Mullins Anderson and Davies - Referral,GTM Pipeline,Referral,Lost,11650,2026-07-18,Referral,MSP,66.3,Owen Brooks,,ACME-D00296
shannon.mayer@pollardharris.example.com,Pollard-Harris - Inbound,GTM Pipeline,Inbound,Lost,25550,2026-07-25,Meta Ads,MSP,54.2,Marcus Lee,,ACME-D00297
kevin.morales@georgefitzpatrickandkey.example.com,George Fitzpatrick and Key - Inbound,GTM Pipeline,Inbound,Lost,11050,2026-09-09,Call Tracking,MSP,58.6,Marcus Lee,,ACME-D00298
henry.jones@watsonkeyandwilliams.example.com,Watson Key and Williams - Inbound,GTM Pipeline,Inbound,Lost,8250,2026-08-17,Call Tracking,MSP,58.9,Jordan Ellis,,ACME-D00299
christopher.morales@greerltd.example.com,Greer Ltd - Inbound,GTM Pipeline,Inbound,Lost,13650,2026-07-13,Meta Ads,MSP,58.9,Dana Whitfield,,ACME-D00300
ashley.campos@trevinoorozco.example.com,Trevino-Orozco - Inbound,GTM Pipeline,Inbound,Lost,19250,2026-07-09,Meta Ads,MSP,57.8,Owen Brooks,,ACME-D00301
lisa.kim@montgomerygoodman.example.com,Montgomery-Goodman - Inbound,GTM Pipeline,Inbound,Lost,10550,2026-07-15,Google Ads,MSP,59.8,Priya Raman,,ACME-D00302
melinda.ramsey@moorewrightandjones.example.com,Moore Wright and Jones - Inbound,GTM Pipeline,Inbound,Lost,10100,2026-07-22,Call Tracking,MSP,58.0,Jordan Ellis,,ACME-D00303
kenneth.hess@moorejoyceandvaldez.example.com,Moore Joyce and Valdez - Inbound,GTM Pipeline,Inbound,Lost,10650,2026-07-12,Google Ads,MSP,66.7,Marcus Lee,,ACME-D00304
amanda.jimenez@hernandezboothandgreen.example.com,Hernandez Booth and Green - Referral,GTM Pipeline,Referral,Lost,11850,2026-07-16,Referral,MSP,67.7,Dana Whitfield,,ACME-D00305
rebecca.gardner@cooperltd.example.com,Cooper Ltd - Inbound,GTM Pipeline,Inbound,Won,11650,2026-08-21,Google Ads,MSP,59.3,Jordan Ellis,,ACME-D00306
kristin.carpenter@barberinc.example.com,Barber Inc - Inbound,GTM Pipeline,Inbound,Lost,16850,2026-07-22,Google Ads,MSP,65.1,Priya Raman,,ACME-D00307
mary.guzman@reyesplc.example.com,Reyes PLC - Inbound,GTM Pipeline,Inbound,Lost,7400,2026-07-20,Meta Ads,MSP,60.6,Marcus Lee,,ACME-D00308
jeremy.robinson@brownlawson.example.com,Brown-Lawson - Referral,GTM Pipeline,Referral,Lost,10400,2026-07-18,Referral,MSP,62.6,Marcus Lee,,ACME-D00309
mark.stafford@hallturner.example.com,Hall-Turner - Inbound,GTM Pipeline,Inbound,Lost,13300,2026-07-19,Call Tracking,MSP,56.1,Sofia Alvarez,,ACME-D00310
rebecca.jones@smithmonroeandhancock.example.com,Smith Monroe and Hancock - Inbound,GTM Pipeline,Inbound,Lost,9500,2026-08-07,Google Ads,MSP,58.4,Priya Raman,,ACME-D00311
robert.morgan@cookfischer.example.com,Cook-Fischer - Inbound,GTM Pipeline,Inbound,Lost,16850,2026-07-28,Call Tracking,MSP,53.4,Priya Raman,,ACME-D00312
stephanie.walker@millerwilliams.example.com,Miller-Williams - Referral,GTM Pipeline,Referral,Lost,21850,2026-07-15,Referral,MSP,69.8,Dana Whitfield,,ACME-D00313
erica.gutierrez@farrellmiller.example.com,Farrell-Miller - Inbound,GTM Pipeline,Inbound,Lost,24050,2026-09-04,Google Ads,MSP,61.1,Owen Brooks,,ACME-D00314
george.wallace@andersonwalker.example.com,Anderson-Walker - Inbound,GTM Pipeline,Inbound,Won,18100,2026-08-14,Meta Ads,MSP,64.2,Owen Brooks,,ACME-D00315
heather.wells@larallc.example.com,Lara LLC - Outbound,GTM Pipeline,Outbound,Lost,17250,2026-09-14,Outbound,MSP,58.0,Marcus Lee,,ACME-D00316
michael.ortega@myersdalton.example.com,Myers-Dalton - Inbound,GTM Pipeline,Inbound,Lost,14950,2026-07-24,Google Ads,MSP,61.8,Grace Kim,,ACME-D00317
leah.gibson@shortsheltonandfranco.example.com,Short Shelton and Franco - Referral,GTM Pipeline,Referral,Lost,11950,2026-07-30,Referral,MSP,63.3,Jordan Ellis,,ACME-D00318
carol.merritt@robertsdavis.example.com,Roberts-Davis - Inbound,GTM Pipeline,Inbound,Lost,15700,2026-07-27,Call Tracking,MSP,60.6,Dana Whitfield,,ACME-D00319
stacey.moran@mckenziegibbs.example.com,Mckenzie-Gibbs - Inbound,GTM Pipeline,Inbound,Lost,14900,2026-08-19,Meta Ads,MSP,62.2,Sofia Alvarez,,ACME-D00320
jennifer.cook@moorerobinsonandmartinez.example.com,Moore Robinson and Martinez - Inbound,GTM Pipeline,Inbound,Lost,9350,2026-07-17,Google Ads,MSP,53.5,Dana Whitfield,,ACME-D00321
lisa.brown@millerltd.example.com,Miller Ltd - Inbound,GTM Pipeline,Inbound,Lost,13600,2026-07-17,Google Ads,MSP,56.3,Priya Raman,,ACME-D00322
julie.burnett@vargasmillerandmaddox.example.com,Vargas Miller and Maddox - Inbound,GTM Pipeline,Inbound,Lost,16400,2026-07-15,Google Ads,MSP,60.5,Dana Whitfield,,ACME-D00323
nancy.williams@arnoldhughesandfletcher.example.com,Arnold Hughes and Fletcher - Inbound,GTM Pipeline,Inbound,Lost,13200,2026-07-20,Google Ads,MSP,67.7,Jordan Ellis,,ACME-D00324
reginald.brown@fowlerinc.example.com,Fowler Inc - Inbound,GTM Pipeline,Inbound,Lost,9000,2026-07-17,Google Ads,MSP,60.1,Priya Raman,,ACME-D00325
aaron.quinn@nortonmorris.example.com,Norton-Morris - Inbound,GTM Pipeline,Inbound,Lost,18750,2026-08-03,Google Ads,MSP,59.7,Owen Brooks,,ACME-D00326
christopher.padilla@mayervasquez.example.com,Mayer-Vasquez - Inbound,GTM Pipeline,Inbound,Lost,8800,2026-08-04,Google Ads,MSP,68.4,Dana Whitfield,,ACME-D00327
edward.maxwell@cordovallc.example.com,Cordova LLC - Inbound,GTM Pipeline,Inbound,Lost,10900,2026-07-27,Google Ads,MSP,57.7,Owen Brooks,,ACME-D00328
denise.mason@haynescarlson.example.com,Haynes-Carlson - Inbound,GTM Pipeline,Inbound,Lost,8150,2026-07-31,Google Ads,MSP,49.0,Priya Raman,,ACME-D00329
peter.harrison@cisnerosclarkandlopez.example.com,Cisneros Clark and Lopez - Inbound,GTM Pipeline,Inbound,Lost,15050,2026-08-02,Meta Ads,MSP,59.0,Owen Brooks,,ACME-D00330
laura.smith@newtonsnyder.example.com,Newton-Snyder - Inbound,GTM Pipeline,Inbound,Lost,25850,2026-07-29,Google Ads,MSP,62.5,Sofia Alvarez,,ACME-D00331
samantha.fitzgerald@gonzalesmooneyandellison.example.com,Gonzales Mooney and Ellison - Inbound,GTM Pipeline,Inbound,Lost,13050,2026-07-24,Google Ads,MSP,48.0,Jordan Ellis,,ACME-D00332
catherine.white@garnergilbertandblankens.example.com,Garner Gilbert and Blankenship - Inbound,GTM Pipeline,Inbound,Lost,11600,2026-08-06,Google Ads,MSP,60.7,Acme Round Robin,,ACME-D00333
helen.harris@martinezgreer.example.com,Martinez-Greer - Referral,GTM Pipeline,Referral,Lost,18600,2026-08-06,Referral,MSP,56.7,Priya Raman,,ACME-D00334
christopher.jones@richperezandwilliams.example.com,Rich Perez and Williams - Inbound,GTM Pipeline,Inbound,Lost,13700,2026-07-27,Google Ads,MSP,59.6,Priya Raman,,ACME-D00335
kevin.conway@fernandezgroup.example.com,Fernandez Group - Inbound,GTM Pipeline,Inbound,Lost,13200,2026-08-04,Call Tracking,MSP,60.0,Priya Raman,,ACME-D00336
paul.li@patelandsons.example.com,Patel and Sons - Inbound,GTM Pipeline,Inbound,Lost,8900,2026-07-20,Google Ads,MSP,58.3,Jordan Ellis,,ACME-D00337
joanna.vasquez@wagnerllc.example.com,Wagner LLC - Inbound,GTM Pipeline,Inbound,Lost,15300,2026-07-25,Google Ads,MSP,52.9,Dana Whitfield,,ACME-D00338
angela.fisher@kennedyshepardandmyers.example.com,Kennedy Shepard and Myers - Referral,GTM Pipeline,Referral,Won,18700,2026-09-02,Referral,MSP,67.6,Grace Kim,,ACME-D00339
terri.houston@johnsongroup.example.com,Johnson Group - Inbound,GTM Pipeline,Inbound,Lost,6450,2026-09-14,Google Ads,MSP,64.1,Marcus Lee,,ACME-D00340
amanda.pittman@riosromero.example.com,Rios-Romero - Inbound,GTM Pipeline,Inbound,Lost,13050,2026-08-04,Call Tracking,MSP,71.6,Marcus Lee,,ACME-D00341
brittany.sosa@bradshawgroup.example.com,Bradshaw Group - Inbound,GTM Pipeline,Inbound,Lost,8600,2026-07-27,Call Tracking,MSP,58.9,Dana Whitfield,,ACME-D00342
craig.hogan@halljames.example.com,Hall-James - Inbound,GTM Pipeline,Inbound,Lost,13050,2026-09-09,Call Tracking,MSP,60.0,Marcus Lee,,ACME-D00343
michaela.smith@andersonbishopandweber.example.com,Anderson Bishop and Weber - Referral,GTM Pipeline,Referral,Lost,12100,2026-07-25,Referral,MSP,68.3,Priya Raman,,ACME-D00344
james.hood@santosmurphyandgeorge.example.com,Santos Murphy and George - Outbound,GTM Pipeline,Outbound,Lost,14350,2026-08-07,Outbound,MSP,56.3,Marcus Lee,,ACME-D00345
jasmin.ward@walkerwebb.example.com,Walker-Webb - Inbound,GTM Pipeline,Inbound,Won,16350,2026-09-01,Meta Ads,MSP,57.6,Sofia Alvarez,,ACME-D00346
joseph.bonilla@barrettjones.example.com,Barrett-Jones - Inbound,GTM Pipeline,Inbound,Lost,15300,2026-08-16,Meta Ads,MSP,61.7,Dana Whitfield,,ACME-D00347
denise.kelley@thomaslevy.example.com,Thomas-Levy - Outbound,GTM Pipeline,Outbound,Lost,11900,2026-07-25,Outbound,MSP,57.7,Dana Whitfield,,ACME-D00348
robert.adams@burnsgroup.example.com,Burns Group - Outbound,GTM Pipeline,Outbound,Lost,18450,2026-08-03,Outbound,MSP,58.1,Jordan Ellis,,ACME-D00349
donald.thomas@ramirezfoxandmendoza.example.com,Ramirez Fox and Mendoza - Inbound,GTM Pipeline,Inbound,Lost,13850,2026-08-02,Google Ads,MSP,63.3,Priya Raman,,ACME-D00350
robyn.vaughan@snyderllc.example.com,Snyder LLC - Inbound,GTM Pipeline,Inbound,Lost,9050,2026-07-31,Meta Ads,MSP,56.3,Marcus Lee,,ACME-D00351
caitlin.briggs@murphyandsons.example.com,Murphy and Sons - Referral,GTM Pipeline,Referral,Lost,25800,2026-08-20,Referral,MSP,60.7,Marcus Lee,,ACME-D00352
manuel.kennedy@littlewhiteandperkins.example.com,Little White and Perkins - Inbound,GTM Pipeline,Inbound,Lost,11400,2026-08-09,Google Ads,MSP,61.2,Dana Whitfield,,ACME-D00353
joseph.williams@fisherplc.example.com,Fisher PLC - Referral,GTM Pipeline,Referral,Lost,17100,2026-07-26,Referral,MSP,,Sofia Alvarez,,ACME-D00354
kathy.dixon@johnsonirwin.example.com,Johnson-Irwin - Inbound,GTM Pipeline,Inbound,Lost,7950,2026-08-01,Call Tracking,MSP,56.1,Dana Whitfield,,ACME-D00355
michael.bernard@haasplc.example.com,Haas PLC - Inbound,GTM Pipeline,Inbound,Lost,9100,2026-07-28,Google Ads,MSP,67.2,Dana Whitfield,,ACME-D00356
ryan.thompson@ritterltd.example.com,Ritter Ltd - Outbound,GTM Pipeline,Outbound,Lost,23000,2026-08-15,Outbound,MSP,55.6,Owen Brooks,,ACME-D00357
andrew.ortega@mcclainnguyen.example.com,Mcclain-Nguyen - Inbound,GTM Pipeline,Inbound,Lost,8800,2026-08-07,Google Ads,MSP,61.5,Sofia Alvarez,,ACME-D00358
jennifer.dalton@wilkersontorres.example.com,Wilkerson-Torres - Referral,GTM Pipeline,Referral,Lost,10550,2026-08-25,Referral,MSP,61.2,Jordan Ellis,,ACME-D00359
jessica.decker@cruzarcherandmyers.example.com,Cruz Archer and Myers - Inbound,GTM Pipeline,Inbound,Lost,11350,2026-07-29,Meta Ads,MSP,60.6,Grace Kim,,ACME-D00360
rachel.cox@vasquezandsons.example.com,Vasquez and Sons - Referral,GTM Pipeline,Referral,Lost,20200,2026-08-23,Referral,MSP,63.5,Marcus Lee,,ACME-D00361
savannah.fisher@mejiaandsons.example.com,Mejia and Sons - Inbound,GTM Pipeline,Inbound,Lost,15850,2026-08-07,Google Ads,MSP,59.0,Marcus Lee,,ACME-D00362
krystal.grant@owensbrennanandschmitt.example.com,Owens Brennan and Schmitt - Inbound,GTM Pipeline,Inbound,Lost,8000,2026-08-23,Meta Ads,MSP,63.7,Priya Raman,,ACME-D00363
carol.diaz@kleininc.example.com,Klein Inc - Inbound,GTM Pipeline,Inbound,Lost,24400,2026-08-11,Google Ads,MSP,46.7,Dana Whitfield,,ACME-D00364
nicole.adams@mendozahoodanddavis.example.com,Mendoza Hood and Davis - Inbound,GTM Pipeline,Inbound,Lost,6900,2026-08-20,Meta Ads,MSP,59.2,Sofia Alvarez,,ACME-D00365
jason.smith@evansdawson.example.com,Evans-Dawson - Inbound,GTM Pipeline,Inbound,Lost,6450,2026-08-01,Google Ads,MSP,53.3,Dana Whitfield,,ACME-D00366
megan.smith@howellturner.example.com,Howell-Turner - Inbound,GTM Pipeline,Inbound,Lost,9350,2026-08-08,Google Ads,MSP,54.2,Dana Whitfield,,ACME-D00367
dana.meyers@bentleyadams.example.com,Bentley-Adams - Inbound,GTM Pipeline,Inbound,Lost,12950,2026-08-24,Google Ads,MSP,55.0,Owen Brooks,,ACME-D00368
karen.clark@warrenltd.example.com,Warren Ltd - Inbound,GTM Pipeline,Inbound,Proposal,18100,,Meta Ads,MSP,61.9,Dana Whitfield,,ACME-D00369
victoria.rodriguez@matthewsbowen.example.com,Matthews-Bowen - Referral,GTM Pipeline,Referral,Lost,25800,2026-08-16,Referral,MSP,55.1,Dana Whitfield,,ACME-D00370
meagan.johnson@maddoxjonesandjacobs.example.com,Maddox Jones and Jacobs - Outbound,GTM Pipeline,Outbound,Lost,27750,2026-08-05,Outbound,MSP,55.5,Priya Raman,,ACME-D00371
kyle.frederick@mooreinc.example.com,Moore Inc - Inbound,GTM Pipeline,Inbound,Lost,6900,2026-08-03,Google Ads,MSP,59.9,Jordan Ellis,,ACME-D00372
dustin.wade@williamsdavisandlucas.example.com,Williams Davis and Lucas - Inbound,GTM Pipeline,Inbound,Lost,12300,2026-08-10,Meta Ads,MSP,55.2,Priya Raman,,ACME-D00373
sharon.potts@morenollc.example.com,Moreno LLC - Inbound,GTM Pipeline,Inbound,Lost,11200,2026-08-12,Google Ads,MSP,63.9,Marcus Lee,,ACME-D00374
ashley.rosario@carrillorodriguezandbear.example.com,Carrillo Rodriguez and Beard - Inbound,GTM Pipeline,Inbound,Lost,15700,2026-08-09,Google Ads,MSP,59.5,Marcus Lee,,ACME-D00375
david.campos@joyceltd.example.com,Joyce Ltd - Referral,GTM Pipeline,Referral,Lost,10000,2026-08-12,Referral,MSP,70.8,Owen Brooks,,ACME-D00376
melissa.carroll@andersoncollins.example.com,Anderson-Collins - Referral,GTM Pipeline,Referral,Proposal,15600,,Referral,MSP,65.9,Grace Kim,,ACME-D00377
michelle.keith@scottplc.example.com,Scott PLC - Inbound,GTM Pipeline,Inbound,Lost,11200,2026-09-25,Google Ads,MSP,58.7,Priya Raman,,ACME-D00378
nathan.bowman@chavezinc.example.com,Chavez Inc - Inbound,GTM Pipeline,Inbound,Lost,10450,2026-08-12,Google Ads,MSP,57.1,Priya Raman,,ACME-D00379
john.jacobs@johnsoninc.example.com,Johnson Inc - Referral,GTM Pipeline,Referral,Lost,30500,2026-08-13,Referral,MSP,61.5,Dana Whitfield,,ACME-D00380
samantha.nixon@leefosterandlandry.example.com,Lee Foster and Landry - Inbound,GTM Pipeline,Inbound,Lost,14050,2026-08-14,Google Ads,MSP,55.8,Jordan Ellis,,ACME-D00381
glenda.martin@gonzalezmolina.example.com,Gonzalez-Molina - Referral,GTM Pipeline,Referral,Lost,13600,2026-08-19,Referral,MSP,60.7,Marcus Lee,,ACME-D00382
shelly.sosa@frederickharrisandorr.example.com,Frederick Harris and Orr - Inbound,GTM Pipeline,Inbound,Lost,9200,2026-08-16,Google Ads,MSP,55.9,Dana Whitfield,,ACME-D00383
valerie.nguyen@garciaplc.example.com,Garcia PLC - Inbound,GTM Pipeline,Inbound,Lost,12450,2026-08-11,Call Tracking,MSP,67.1,Marcus Lee,,ACME-D00384
nancy.carter@bergandrews.example.com,Berg-Andrews - Inbound,GTM Pipeline,Inbound,Lost,14250,2026-09-21,Google Ads,MSP,55.8,Priya Raman,,ACME-D00385
tracy.lewis@hubersanchez.example.com,Huber-Sanchez - Inbound,GTM Pipeline,Inbound,Won,10900,2026-08-28,Google Ads,MSP,60.8,Priya Raman,,ACME-D00386
bryan.lambert@jonesthomas.example.com,Jones-Thomas - Inbound,GTM Pipeline,Inbound,Lost,12250,2026-08-14,Call Tracking,MSP,54.1,Jordan Ellis,,ACME-D00387
latoya.gill@linmartinez.example.com,Lin-Martinez - Inbound,GTM Pipeline,Inbound,Lost,12200,2026-08-04,Google Ads,MSP,52.9,Sofia Alvarez,,ACME-D00388
ryan.moore@buchananthomasandkramer.example.com,Buchanan Thomas and Kramer - Inbound,GTM Pipeline,Inbound,Lost,12200,2026-08-16,Call Tracking,MSP,61.1,Marcus Lee,,ACME-D00389
benjamin.esparza@lopezandsons.example.com,Lopez and Sons - Referral,GTM Pipeline,Referral,Won,11400,2026-09-07,Referral,MSP,63.7,Priya Raman,,ACME-D00390
terri.robinson@russowilsonandwright.example.com,Russo Wilson and Wright - Inbound,GTM Pipeline,Inbound,Lost,9350,2026-08-07,Meta Ads,MSP,56.9,Priya Raman,,ACME-D00391
robert.hunter@poolewhiteandgonzalez.example.com,Poole White and Gonzalez - Inbound,GTM Pipeline,Inbound,Lost,14150,2026-08-06,Meta Ads,MSP,57.6,Grace Kim,,ACME-D00392
william.allison@sweeneygraham.example.com,Sweeney-Graham - Inbound,GTM Pipeline,Inbound,Won,12100,2026-09-28,Google Ads,MSP,57.0,Grace Kim,,ACME-D00393
melissa.daniels@huynhbuck.example.com,Huynh-Buck - Referral,GTM Pipeline,Referral,Lost,11050,2026-08-19,Referral,MSP,63.7,Priya Raman,,ACME-D00394
patrick.stevens@turnerbutler.example.com,Turner-Butler - Inbound,GTM Pipeline,Inbound,Lost,17800,2026-08-18,Google Ads,MSP,62.9,Dana Whitfield,,ACME-D00395
becky.blair@colesnow.example.com,Cole-Snow - Inbound,GTM Pipeline,Inbound,Lost,11250,2026-08-16,Google Ads,MSP,57.8,Owen Brooks,,ACME-D00396
brittany.warren@figueroasalinasanddaniel.example.com,Figueroa Salinas and Daniels - Referral,GTM Pipeline,Referral,Lost,14800,2026-08-30,Referral,MSP,69.4,Sofia Alvarez,,ACME-D00397
david.holloway@hallmartinezandduncan.example.com,Hall Martinez and Duncan - Inbound,GTM Pipeline,Inbound,Lost,8750,2026-08-20,Meta Ads,MSP,61.9,Priya Raman,,ACME-D00398
shari.rodriguez@garciaacostaandlewis.example.com,Garcia Acosta and Lewis - Inbound,GTM Pipeline,Inbound,Lost,18400,2026-09-05,Google Ads,MSP,56.7,Marcus Lee,,ACME-D00399
kristin.robbins@mullinsgrayandwhite.example.com,Mullins Gray and White - Referral,GTM Pipeline,Referral,Lost,13400,2026-08-14,Referral,MSP,62.6,Marcus Lee,,ACME-D00400
veronica.rodriguez@bowmaninc.example.com,Bowman Inc - Inbound,GTM Pipeline,Inbound,Lost,12750,2026-08-26,Google Ads,MSP,56.5,Dana Whitfield,,ACME-D00401
william.brown@shortllc.example.com,Short LLC - Inbound,GTM Pipeline,Inbound,Lost,14700,2026-08-16,Google Ads,MSP,60.6,Grace Kim,,ACME-D00402
jon.jacobs@nelsonnguyen.example.com,Nelson-Nguyen - Inbound,GTM Pipeline,Inbound,Lost,9100,2026-08-26,Meta Ads,MSP,58.9,Sofia Alvarez,,ACME-D00403
joseph.davis@johnsongroup.example.com,Johnson Group - Inbound,GTM Pipeline,Inbound,Lost,15150,2026-08-12,Google Ads,MSP,57.4,Marcus Lee,,ACME-D00404
jessica.morgan@garciawillisanddavis.example.com,Garcia Willis and Davis - Referral,GTM Pipeline,Referral,Lost,20400,2026-08-29,Referral,MSP,66.8,Marcus Lee,,ACME-D00405
nathan.butler@campbellevans.example.com,Campbell-Evans - Inbound,GTM Pipeline,Inbound,Lost,17500,2026-08-14,Meta Ads,MSP,63.4,Priya Raman,,ACME-D00406
john.wilkinson@williamstorres.example.com,Williams-Torres - Referral,GTM Pipeline,Referral,Lost,18450,2026-08-14,Referral,MSP,69.6,Jordan Ellis,,ACME-D00407
michael.wheeler@mccarthyjohnson.example.com,Mccarthy-Johnson - Inbound,GTM Pipeline,Inbound,Lost,32900,2026-08-12,Google Ads,MSP,58.1,Dana Whitfield,,ACME-D00408
douglas.wright@gutierrezandsons.example.com,Gutierrez and Sons - Referral,GTM Pipeline,Referral,Lost,17150,2026-08-29,Referral,MSP,61.0,Jordan Ellis,,ACME-D00409
christopher.porter@sawyerandsons.example.com,Sawyer and Sons - Referral,GTM Pipeline,Referral,Lost,16000,2026-08-22,Referral,MSP,64.4,Marcus Lee,,ACME-D00410
jose.jackson@fishersmithandallen.example.com,Fisher Smith and Allen - Inbound,GTM Pipeline,Inbound,Lost,12300,2026-08-18,Google Ads,MSP,64.1,Dana Whitfield,,ACME-D00411
crystal.taylor@joneswalkerandmartinez.example.com,Jones Walker and Martinez - Inbound,GTM Pipeline,Inbound,Lost,14550,2026-08-09,Google Ads,MSP,55.7,Dana Whitfield,,ACME-D00412
joseph.young@marquezinc.example.com,Marquez Inc - Inbound,GTM Pipeline,Inbound,Lost,24000,2026-08-10,Google Ads,MSP,59.7,Acme Round Robin,,ACME-D00413
jacob.brown@masonltd.example.com,Mason Ltd - Inbound,GTM Pipeline,Inbound,Lost,12900,2026-09-29,Google Ads,MSP,62.6,Dana Whitfield,,ACME-D00414
devon.clark@riddlesmithandmay.example.com,Riddle Smith and May - Outbound,GTM Pipeline,Outbound,Proposal,21600,,Outbound,MSP,55.5,Sofia Alvarez,,ACME-D00415
matthew.mcfarland@webbshaw.example.com,Webb-Shaw - Referral,GTM Pipeline,Referral,Lost,31900,2026-08-18,Referral,MSP,60.4,Marcus Lee,,ACME-D00416
connie.stevens@hamiltonmorgan.example.com,Hamilton-Morgan - Outbound,GTM Pipeline,Outbound,Lost,17900,2026-08-22,Outbound,MSP,62.1,Sofia Alvarez,,ACME-D00417
debbie.johnson@farmergroup.example.com,Farmer Group - Inbound,GTM Pipeline,Inbound,Lost,12000,2026-09-23,Google Ads,MSP,56.0,Grace Kim,,ACME-D00418
thomas.hernandez@alexanderjones.example.com,Alexander-Jones - Inbound,GTM Pipeline,Inbound,Lost,18750,2026-09-03,Meta Ads,MSP,63.1,Marcus Lee,,ACME-D00419
emily.sullivan@rosarioandsons.example.com,Rosario and Sons - Referral,GTM Pipeline,Referral,Proposal,16500,,Referral,MSP,67.9,Owen Brooks,,ACME-D00420
brittany.garrett@lovegroup.example.com,Love Group - Inbound,GTM Pipeline,Inbound,Lost,9750,2026-08-16,Google Ads,MSP,59.5,Grace Kim,,ACME-D00421
jennifer.mcdonald@camposwilliams.example.com,Campos-Williams - Referral,GTM Pipeline,Referral,Lost,9150,2026-08-22,Referral,MSP,63.9,Priya Raman,,ACME-D00422
katherine.gonzalez@vancegroup.example.com,Vance Group - Referral,GTM Pipeline,Referral,Lost,21250,2026-08-19,Referral,MSP,63.6,Dana Whitfield,,ACME-D00423
robin.fuentes@johnsonmoore.example.com,Johnson-Moore - Inbound,GTM Pipeline,Inbound,Lost,7400,2026-09-27,Google Ads,MSP,53.5,Sofia Alvarez,,ACME-D00424
kimberly.schmitt@woodsgilbert.example.com,Woods-Gilbert - Referral,GTM Pipeline,Referral,Lost,24200,2026-09-13,Referral,MSP,57.3,Grace Kim,,ACME-D00425
nathan.padilla@hortonmiller.example.com,Horton-Miller - Inbound,GTM Pipeline,Inbound,Lost,8900,2026-09-01,Google Ads,MSP,62.8,Owen Brooks,,ACME-D00426
donna.johnson@davisrossandsanchez.example.com,Davis Ross and Sanchez - Inbound,GTM Pipeline,Inbound,Lost,15650,2026-08-28,Google Ads,MSP,59.7,Marcus Lee,,ACME-D00427
elizabeth.foster@holtmiller.example.com,Holt-Miller - Inbound,GTM Pipeline,Inbound,Lost,14400,2026-09-10,Meta Ads,MSP,56.2,Marcus Lee,,ACME-D00428
erica.george@bullockltd.example.com,Bullock Ltd - Inbound,GTM Pipeline,Inbound,Lost,16800,2026-08-26,Google Ads,MSP,59.2,Grace Kim,,ACME-D00429
nicholas.powell@greenbuckandrobinson.example.com,Green Buck and Robinson - Outbound,GTM Pipeline,Outbound,Lost,15850,2026-08-28,Outbound,MSP,64.3,Dana Whitfield,,ACME-D00430
christopher.thomas@guzmangroup.example.com,Guzman Group - Referral,GTM Pipeline,Referral,Lost,22950,2026-08-20,Referral,MSP,62.4,Grace Kim,,ACME-D00431
nicholas.lewis@simmonsltd.example.com,Simmons Ltd - Outbound,GTM Pipeline,Outbound,Lost,10400,2026-08-21,Outbound,MSP,58.4,Sofia Alvarez,,ACME-D00432
martin.riley@mitchellrobertson.example.com,Mitchell-Robertson - Inbound,GTM Pipeline,Inbound,Lost,6600,2026-08-19,Call Tracking,MSP,58.0,Dana Whitfield,,ACME-D00433
eric.mendoza@johnsonalexander.example.com,Johnson-Alexander - Outbound,GTM Pipeline,Outbound,Lost,25100,2026-09-09,Outbound,MSP,52.3,Sofia Alvarez,,ACME-D00434
bryan.gray@obrienelliottandbrennan.example.com,Obrien Elliott and Brennan - Inbound,GTM Pipeline,Inbound,Lost,8550,2026-09-28,Google Ads,MSP,64.2,Marcus Lee,,ACME-D00435
danielle.mercer@manningllc.example.com,Manning LLC - Inbound,GTM Pipeline,Inbound,Lost,10550,2026-08-27,Google Ads,MSP,50.2,Owen Brooks,,ACME-D00436
tammy.smith@kingholt.example.com,King-Holt - Inbound,GTM Pipeline,Inbound,Lost,12300,2026-08-22,Call Tracking,MSP,53.4,Owen Brooks,,ACME-D00437
victoria.sheppard@johnstonplc.example.com,Johnston PLC - Inbound,GTM Pipeline,Inbound,Lost,11850,2026-09-06,Google Ads,MSP,57.8,Marcus Lee,,ACME-D00438
nicole.kelley@schaeferlowery.example.com,Schaefer-Lowery - Inbound,GTM Pipeline,Inbound,Lost,9050,2026-09-01,Google Ads,MSP,62.8,Owen Brooks,,ACME-D00439
cynthia.taylor@trevinoltd.example.com,Trevino Ltd - Referral,GTM Pipeline,Referral,Proposal,10950,,Referral,MSP,57.2,Marcus Lee,,ACME-D00440
chelsea.mitchell@lawrencemortonandgarza.example.com,Lawrence Morton and Garza - Inbound,GTM Pipeline,Inbound,Lost,25700,2026-09-26,Google Ads,MSP,58.1,Marcus Lee,,ACME-D00441
amy.wood@rossltd.example.com,Ross Ltd - Referral,GTM Pipeline,Referral,Lost,9450,2026-08-23,Referral,MSP,63.1,Dana Whitfield,,ACME-D00442
mary.lee@adamskline.example.com,Adams-Kline - Inbound,GTM Pipeline,Inbound,Lost,22550,2026-08-22,Google Ads,MSP,62.8,Marcus Lee,,ACME-D00443
tina.whitehead@hillandsons.example.com,Hill and Sons - Inbound,GTM Pipeline,Inbound,Lost,25350,2026-08-25,Google Ads,MSP,65.0,Jordan Ellis,,ACME-D00444
wanda.romero@hollanddunlapandmcbride.example.com,Holland Dunlap and Mcbride - Inbound,GTM Pipeline,Inbound,Lost,17550,2026-08-27,Call Tracking,MSP,65.1,Priya Raman,,ACME-D00445
james.jones@lewissparksandsmith.example.com,Lewis Sparks and Smith - Inbound,GTM Pipeline,Inbound,Lost,19900,2026-09-22,Google Ads,MSP,60.6,Dana Whitfield,,ACME-D00446
emily.lara@clarkplc.example.com,Clark PLC - Inbound,GTM Pipeline,Inbound,Won,15050,2026-09-30,Google Ads,MSP,62.3,Sofia Alvarez,,ACME-D00447
paula.brewer@mcknightgroup.example.com,Mcknight Group - Inbound,GTM Pipeline,Inbound,Lost,13500,2026-08-25,Google Ads,MSP,58.0,Dana Whitfield,,ACME-D00448
richard.kelley@foxdunn.example.com,Fox-Dunn - Inbound,GTM Pipeline,Inbound,Won,16100,2026-09-12,Google Ads,MSP,50.8,Jordan Ellis,,ACME-D00449
allison.pittman@vazquezmurray.example.com,Vazquez-Murray - Referral,GTM Pipeline,Referral,Lost,13900,2026-09-06,Referral,MSP,61.2,Sofia Alvarez,,ACME-D00450
laura.white@mcneilwilliamsandpark.example.com,Mcneil Williams and Park - Inbound,GTM Pipeline,Inbound,Won,6950,2026-09-20,Google Ads,MSP,47.6,Sofia Alvarez,,ACME-D00451
todd.daniels@rogersandsons.example.com,Rogers and Sons - Referral,GTM Pipeline,Referral,Qualified,13200,,Referral,MSP,59.4,Jordan Ellis,,ACME-D00452
william.curry@willismunozanddavis.example.com,Willis Munoz and Davis - Inbound,GTM Pipeline,Inbound,Lost,24850,2026-09-02,Google Ads,MSP,61.4,Sofia Alvarez,,ACME-D00453
lisa.frederick@robersoncompton.example.com,Roberson-Compton - Inbound,GTM Pipeline,Inbound,Lost,15200,2026-09-12,Meta Ads,MSP,62.2,Sofia Alvarez,,ACME-D00454
kaylee.berry@lowerylewisandmyers.example.com,Lowery Lewis and Myers - Outbound,GTM Pipeline,Outbound,Lost,22800,2026-08-23,Outbound,MSP,60.5,Dana Whitfield,,ACME-D00455
matthew.le@fullergroup.example.com,Fuller Group - Inbound,GTM Pipeline,Inbound,Lost,19100,2026-09-05,Google Ads,MSP,59.5,Priya Raman,,ACME-D00456
johnathan.webb@foxsampsonanddavis.example.com,Fox Sampson and Davis - Referral,GTM Pipeline,Referral,Lost,17950,2026-08-28,Referral,MSP,60.2,Dana Whitfield,,ACME-D00457
allison.quinn@smithlittleanddavis.example.com,Smith Little and Davis - Outbound,GTM Pipeline,Outbound,Lost,22900,2026-08-21,Outbound,MSP,65.3,Priya Raman,,ACME-D00458
heidi.price@acostaberry.example.com,Acosta-Berry - Inbound,GTM Pipeline,Inbound,Lost,12300,2026-09-15,Google Ads,MSP,57.0,Priya Raman,,ACME-D00459
billy.melton@bradleyplc.example.com,Bradley PLC - Outbound,GTM Pipeline,Outbound,Lost,17650,2026-08-27,Outbound,MSP,55.5,Owen Brooks,,ACME-D00460
robert.buchanan@richardsonstephens.example.com,Richardson-Stephens - Referral,GTM Pipeline,Referral,Lost,7400,2026-09-04,Referral,MSP,60.7,Priya Raman,,ACME-D00461
nancy.stephens@bennettmartinandanderson.example.com,Bennett Martin and Anderson - Referral,GTM Pipeline,Referral,Lost,9050,2026-09-19,Referral,MSP,67.9,Jordan Ellis,,ACME-D00462
samuel.jordan@alvaradomayo.example.com,Alvarado-Mayo - Inbound,GTM Pipeline,Inbound,Won,10400,2026-09-26,Google Ads,MSP,53.2,Jordan Ellis,,ACME-D00463
rachel.pacheco@parkerjohnson.example.com,Parker-Johnson - Inbound,GTM Pipeline,Inbound,Lost,18300,2026-09-15,Meta Ads,MSP,59.1,Sofia Alvarez,,ACME-D00464
marie.bowman@montgomerytaylor.example.com,Montgomery-Taylor - Inbound,GTM Pipeline,Inbound,Lost,12050,2026-08-23,Call Tracking,MSP,61.7,Dana Whitfield,,ACME-D00465
nicholas.taylor@huntgibsonandcalhoun.example.com,Hunt Gibson and Calhoun - Referral,GTM Pipeline,Referral,Lost,19000,2026-09-15,Referral,MSP,64.2,Grace Kim,,ACME-D00466
joshua.paul@riceinc.example.com,Rice Inc - Outbound,GTM Pipeline,Outbound,Lost,8100,2026-09-16,Outbound,MSP,65.3,Marcus Lee,,ACME-D00467
lauren.rodriguez@shahvalentineandjohnson.example.com,Shah Valentine and Johnson - Inbound,GTM Pipeline,Inbound,Lost,24800,2026-09-05,Google Ads,MSP,55.5,Sofia Alvarez,,ACME-D00468
wendy.case@georgeandsons.example.com,George and Sons - Inbound,GTM Pipeline,Inbound,Lost,8500,2026-09-02,Google Ads,MSP,65.9,Jordan Ellis,,ACME-D00469
brandon.mendoza@lewisllc.example.com,Lewis LLC - Referral,GTM Pipeline,Referral,Lost,17250,2026-09-04,Referral,MSP,58.7,Marcus Lee,,ACME-D00470
stephanie.rodgers@littleandsons.example.com,Little and Sons - Referral,GTM Pipeline,Referral,Lost,15200,2026-09-09,Referral,MSP,63.9,Dana Whitfield,,ACME-D00471
lisa.rios@paynerandolph.example.com,Payne-Randolph - Referral,GTM Pipeline,Referral,Qualified,17450,,Referral,MSP,65.9,Dana Whitfield,,ACME-D00472
jeffrey.schmidt@andersonandsons.example.com,Anderson and Sons - Inbound,GTM Pipeline,Inbound,Lost,15650,2026-08-27,Google Ads,MSP,59.7,Priya Raman,,ACME-D00473
david.duncan@brennanfisher.example.com,Brennan-Fisher - Referral,GTM Pipeline,Referral,Lost,22500,2026-09-03,Referral,MSP,60.5,Priya Raman,,ACME-D00474
savannah.armstrong@harrisgroup.example.com,Harris Group - Inbound,GTM Pipeline,Inbound,Lost,19500,2026-09-10,Google Ads,MSP,52.5,Sofia Alvarez,,ACME-D00475
ronald.fernandez@watsonsmith.example.com,Watson-Smith - Inbound,GTM Pipeline,Inbound,Lost,14250,2026-08-30,Google Ads,MSP,61.1,Dana Whitfield,,ACME-D00476
kristen.lopez@milesltd.example.com,Miles Ltd - Inbound,GTM Pipeline,Inbound,Lost,16550,2026-09-08,Call Tracking,MSP,55.1,Priya Raman,,ACME-D00477
veronica.conrad@foxbarrera.example.com,Fox-Barrera - Outbound,GTM Pipeline,Outbound,Lost,17950,2026-09-25,Outbound,MSP,59.3,Jordan Ellis,,ACME-D00478
kirsten.sullivan@guzmancooperandwade.example.com,Guzman Cooper and Wade - Referral,GTM Pipeline,Referral,Lost,16600,2026-09-27,Referral,MSP,61.9,Jordan Ellis,,ACME-D00479
justin.hamilton@popepugh.example.com,Pope-Pugh - Referral,GTM Pipeline,Referral,Lost,56000,2026-09-25,Referral,MSP,64.0,Marcus Lee,,ACME-D00480
johnny.wright@mathiscross.example.com,Mathis-Cross - Inbound,GTM Pipeline,Inbound,Lost,15750,2026-09-06,Google Ads,MSP,63.4,Dana Whitfield,,ACME-D00481
michael.vaughn@roblescampbell.example.com,Robles-Campbell - Inbound,GTM Pipeline,Inbound,Lost,18700,2026-09-09,Google Ads,MSP,59.8,Dana Whitfield,,ACME-D00482
kim.spencer@wellsinc.example.com,Wells Inc - Referral,GTM Pipeline,Referral,Lost,13150,2026-08-30,Referral,MSP,55.1,Owen Brooks,,ACME-D00483
james.jackson@rayandsons.example.com,Ray and Sons - Inbound,GTM Pipeline,Inbound,Lost,11900,2026-09-15,Call Tracking,MSP,57.1,Grace Kim,,ACME-D00484
brianna.white@mcdonaldthompson.example.com,Mcdonald-Thompson - Inbound,GTM Pipeline,Inbound,Lost,9100,2026-09-07,Google Ads,MSP,56.8,Jordan Ellis,,ACME-D00485
william.reese@brighthoover.example.com,Bright-Hoover - Inbound,GTM Pipeline,Inbound,Lost,17700,2026-09-01,Call Tracking,MSP,61.9,Marcus Lee,,ACME-D00486
sandra.daniels@hughesandsons.example.com,Hughes and Sons - Inbound,GTM Pipeline,Inbound,Lost,17500,2026-09-04,Google Ads,MSP,56.3,Owen Brooks,,ACME-D00487
matthew.velez@huffllc.example.com,Huff LLC - Referral,GTM Pipeline,Referral,Won,17150,2026-09-21,Referral,MSP,63.9,Dana Whitfield,,ACME-D00488
sydney.wallace@craigjensen.example.com,Craig-Jensen - Referral,GTM Pipeline,Referral,Lost,20850,2026-09-15,Referral,MSP,,Jordan Ellis,,ACME-D00489
samantha.mann@thomasplc.example.com,Thomas PLC - Inbound,GTM Pipeline,Inbound,Proposal,8800,,Google Ads,MSP,65.9,Dana Whitfield,,ACME-D00490
andrea.harvey@colellc.example.com,Cole LLC - Inbound,GTM Pipeline,Inbound,Lost,14600,2026-09-03,Call Tracking,MSP,60.4,Priya Raman,,ACME-D00491
adam.adams@perezllc.example.com,Perez LLC - Inbound,GTM Pipeline,Inbound,Proposal,11400,,Google Ads,MSP,65.2,Priya Raman,,ACME-D00492
krystal.hoffman@thompsonmartinez.example.com,Thompson-Martinez - Inbound,GTM Pipeline,Inbound,Proposal,10900,,Google Ads,MSP,52.0,Jordan Ellis,,ACME-D00493
tamara.ryan@smithplc.example.com,Smith PLC - Inbound,GTM Pipeline,Inbound,Lost,20450,2026-09-01,Meta Ads,MSP,54.0,Marcus Lee,,ACME-D00494
jeremy.cain@jacobsllc.example.com,Jacobs LLC - Inbound,GTM Pipeline,Inbound,Lost,17400,2026-09-14,Call Tracking,MSP,60.3,Grace Kim,,ACME-D00495
stacy.reyes@hallinc.example.com,Hall Inc - Inbound,GTM Pipeline,Inbound,Lost,12450,2026-09-29,Meta Ads,MSP,56.6,Dana Whitfield,,ACME-D00496
lisa.davis@boydbrewer.example.com,Boyd-Brewer - Outbound,GTM Pipeline,Outbound,Proposal,21800,,Outbound,MSP,59.4,Priya Raman,,ACME-D00497
ronald.foster@sloanllc.example.com,Sloan LLC - Inbound,GTM Pipeline,Inbound,Lost,21400,2026-09-04,Call Tracking,MSP,56.8,Marcus Lee,,ACME-D00498
brandon.velez@tuckerschaefer.example.com,Tucker-Schaefer - Referral,GTM Pipeline,Referral,Won,11650,2026-09-29,Referral,MSP,70.2,Sofia Alvarez,,ACME-D00499
valerie.james@weaverinc.example.com,Weaver Inc - Outbound,GTM Pipeline,Outbound,Lost,22100,2026-09-11,Outbound,MSP,63.1,Dana Whitfield,,ACME-D00500
peter.davis@johnsonmalone.example.com,Johnson-Malone - Inbound,GTM Pipeline,Inbound,Lost,17450,2026-09-22,Google Ads,MSP,59.7,Owen Brooks,,ACME-D00501
katelyn.bolton@mercadohaynesandking.example.com,Mercado Haynes and King - Inbound,GTM Pipeline,Inbound,Lost,10650,2026-09-12,Google Ads,MSP,63.7,Marcus Lee,,ACME-D00502
george.contreras@jamesmarshallandroberts.example.com,James Marshall and Roberts - Referral,GTM Pipeline,Referral,Lost,9600,2026-09-13,Referral,MSP,60.9,Jordan Ellis,,ACME-D00503
thomas.leonard@brownandsons.example.com,Brown and Sons - Inbound,GTM Pipeline,Inbound,Lost,16000,2026-09-11,Meta Ads,MSP,61.9,Dana Whitfield,,ACME-D00504
alyssa.osborn@lewisbrandtandholt.example.com,Lewis Brandt and Holt - Referral,GTM Pipeline,Referral,Lost,18700,2026-09-25,Referral,MSP,62.4,Owen Brooks,,ACME-D00505
renee.williams@dunncookandhaas.example.com,Dunn Cook and Haas - Inbound,GTM Pipeline,Inbound,Lost,13900,2026-09-06,Google Ads,MSP,62.3,Marcus Lee,,ACME-D00506
steven.moon@nealwhite.example.com,Neal-White - Inbound,GTM Pipeline,Inbound,Lost,8300,2026-09-04,Google Ads,MSP,,Acme Round Robin,,ACME-D00507
james.rice@brownhouston.example.com,Brown-Houston - Inbound,GTM Pipeline,Inbound,Qualified,14700,,Google Ads,MSP,53.7,Grace Kim,,ACME-D00508
nathan.hoover@berrywagner.example.com,Berry-Wagner - Referral,GTM Pipeline,Referral,Proposal,12200,,Referral,MSP,64.4,Dana Whitfield,,ACME-D00509
danielle.blackburn@brownllc.example.com,Brown LLC - Inbound,GTM Pipeline,Inbound,Lost,9650,2026-09-19,Google Ads,MSP,59.8,Sofia Alvarez,,ACME-D00510
jessica.cook@bullockbrownandmartin.example.com,Bullock Brown and Martin - Inbound,GTM Pipeline,Inbound,Proposal,15550,,Google Ads,MSP,61.6,Priya Raman,,ACME-D00511
antonio.hale@millermayer.example.com,Miller-Mayer - Inbound,GTM Pipeline,Inbound,Lost,21200,2026-09-22,Google Ads,MSP,58.2,Marcus Lee,,ACME-D00512
lisa.torres@martinandsons.example.com,Martin and Sons - Inbound,GTM Pipeline,Inbound,Lost,25700,2026-09-11,Call Tracking,MSP,55.7,Jordan Ellis,,ACME-D00513
bryan.simmons@jimenezporter.example.com,Jimenez-Porter - Inbound,GTM Pipeline,Inbound,Lost,9850,2026-09-19,Google Ads,MSP,,Priya Raman,,ACME-D00514
james.morales@scottespinozaandnelson.example.com,Scott Espinoza and Nelson - Inbound,GTM Pipeline,Inbound,Proposal,10950,,Google Ads,MSP,62.4,Jordan Ellis,,ACME-D00515
christina.robinson@wrightllc.example.com,Wright LLC - Inbound,GTM Pipeline,Inbound,Lost,9500,2026-09-14,Google Ads,MSP,57.4,Dana Whitfield,,ACME-D00516
dennis.flores@williamsgroup.example.com,Williams Group - Inbound,GTM Pipeline,Inbound,Lost,17750,2026-09-29,Call Tracking,MSP,59.8,Priya Raman,,ACME-D00517
veronica.henson@kochcastro.example.com,Koch-Castro - Referral,GTM Pipeline,Referral,Lost,13400,2026-09-18,Referral,MSP,65.6,Sofia Alvarez,,ACME-D00518
andrew.gardner@duransmithandpalmer.example.com,Duran Smith and Palmer - Referral,GTM Pipeline,Referral,Lost,9150,2026-09-07,Referral,MSP,63.1,Dana Whitfield,,ACME-D00519
steven.tran@chaneyltd.example.com,Chaney Ltd - Referral,GTM Pipeline,Referral,Lost,27650,2026-09-18,Referral,MSP,64.0,Dana Whitfield,,ACME-D00520
christopher.kramer@reedcarlsonandryan.example.com,Reed Carlson and Ryan - Inbound,GTM Pipeline,Inbound,Lost,10500,2026-09-24,Google Ads,MSP,59.8,Owen Brooks,,ACME-D00521
brooke.lewis@kellygroup.example.com,Kelly Group - Referral,GTM Pipeline,Referral,Lost,25450,2026-09-23,Referral,MSP,62.6,Acme Round Robin,,ACME-D00522
nicholas.peck@chaveztorresandruiz.example.com,Chavez Torres and Ruiz - Referral,GTM Pipeline,Referral,Contacted,22900,,Referral,MSP,56.6,Priya Raman,,ACME-D00523
joanne.velez@mcclurewolf.example.com,Mcclure-Wolf - Referral,GTM Pipeline,Referral,Lost,16900,2026-09-19,Referral,MSP,61.5,Priya Raman,,ACME-D00524
kevin.johnson@quinnriveraandmcknight.example.com,Quinn Rivera and Mcknight - Referral,GTM Pipeline,Referral,Lost,20350,2026-09-27,Referral,MSP,62.5,Marcus Lee,,ACME-D00525
anita.obrien@masseylee.example.com,Massey-Lee - Inbound,GTM Pipeline,Inbound,Lost,13600,2026-09-13,Call Tracking,MSP,61.2,Priya Raman,,ACME-D00526
cindy.cherry@andrewspeterson.example.com,Andrews-Peterson - Referral,GTM Pipeline,Referral,Lost,16750,2026-09-30,Referral,MSP,64.0,Jordan Ellis,,ACME-D00527
carla.king@hillevans.example.com,Hill-Evans - Inbound,GTM Pipeline,Inbound,Qualified,28650,,Google Ads,MSP,58.4,Dana Whitfield,,ACME-D00528
chad.winters@chambersgroup.example.com,Chambers Group - Inbound,GTM Pipeline,Inbound,Qualified,9250,,Meta Ads,MSP,58.9,Priya Raman,,ACME-D00529
james.watkins@tuckercrawfordandhorton.example.com,Tucker Crawford and Horton - Inbound,GTM Pipeline,Inbound,Lost,9850,2026-09-30,Google Ads,MSP,63.1,Owen Brooks,,ACME-D00530
jeffery.serrano@richardsonandsons.example.com,Richardson and Sons - Inbound,GTM Pipeline,Inbound,Lost,17600,2026-09-20,Google Ads,MSP,57.9,Jordan Ellis,,ACME-D00531
erin.duke@callahanbrownandwarren.example.com,Callahan Brown and Warren - Inbound,GTM Pipeline,Inbound,Qualified,14050,,Google Ads,MSP,56.4,Sofia Alvarez,,ACME-D00532
ryan.ball@garciashawandlopez.example.com,Garcia Shaw and Lopez - Outbound,GTM Pipeline,Outbound,Lost,13050,2026-09-22,Outbound,MSP,64.3,Sofia Alvarez,,ACME-D00533
alexis.george@baileyinc.example.com,Bailey Inc - Inbound,GTM Pipeline,Inbound,Lost,8550,2026-09-30,Call Tracking,MSP,59.4,Dana Whitfield,,ACME-D00534
laura.walker@millergreenandwilkins.example.com,Miller Green and Wilkins - Inbound,GTM Pipeline,Inbound,Qualified,13250,,Google Ads,MSP,61.7,Priya Raman,,ACME-D00535
nicholas.richardson@rileysawyerandcharles.example.com,Riley Sawyer and Charles - Inbound,GTM Pipeline,Inbound,Lost,25050,2026-09-20,Call Tracking,MSP,54.4,Dana Whitfield,,ACME-D00536
james.tran@roachandsons.example.com,Roach and Sons - Outbound,GTM Pipeline,Outbound,Lost,18550,2026-09-29,Outbound,MSP,60.0,Sofia Alvarez,,ACME-D00537
melissa.greene@reidperezandrobinson.example.com,Reid Perez and Robinson - Referral,GTM Pipeline,Referral,Lost,9400,2026-09-19,Referral,MSP,62.9,Dana Whitfield,,ACME-D00538
ellen.evans@vaughanvega.example.com,Vaughan-Vega - Referral,GTM Pipeline,Referral,Lost,10250,2026-09-28,Referral,MSP,60.6,Jordan Ellis,,ACME-D00539
michael.kim@curryyoung.example.com,Curry-Young - Referral,GTM Pipeline,Referral,Lost,11500,2026-09-21,Referral,MSP,60.9,Grace Kim,,ACME-D00540
garrett.bullock@riddleplc.example.com,Riddle PLC - Outbound,GTM Pipeline,Outbound,Lost,16000,2026-09-20,Outbound,MSP,55.8,Sofia Alvarez,,ACME-D00541
oscar.casey@wellsturner.example.com,Wells-Turner - Inbound,GTM Pipeline,Inbound,Qualified,13250,,Meta Ads,MSP,62.6,Jordan Ellis,,ACME-D00542
don.parker@russellbrown.example.com,Russell-Brown - Inbound,GTM Pipeline,Inbound,Contacted,7650,,Call Tracking,MSP,63.3,Owen Brooks,,ACME-D00543
joseph.ford@jimenezplc.example.com,Jimenez PLC - Inbound,GTM Pipeline,Inbound,Lost,14350,2026-09-16,Google Ads,MSP,57.8,Grace Kim,,ACME-D00544
james.jones@smithinc.example.com,Smith Inc - Referral,GTM Pipeline,Referral,Contacted,18350,,Referral,MSP,65.1,Sofia Alvarez,,ACME-D00545
laura.mills@robertsongarza.example.com,Robertson-Garza - Referral,GTM Pipeline,Referral,Lost,15800,2026-09-22,Referral,MSP,,Sofia Alvarez,,ACME-D00546
brandy.coleman@mcintyreallen.example.com,Mcintyre-Allen - Inbound,GTM Pipeline,Inbound,Lost,11150,2026-09-23,Google Ads,MSP,57.2,Acme Round Robin,,ACME-D00547
james.white@wrightltd.example.com,Wright Ltd - Inbound,GTM Pipeline,Inbound,Lost,9200,2026-09-28,Google Ads,MSP,60.8,Sofia Alvarez,,ACME-D00548
lance.fox@spencesharp.example.com,Spence-Sharp - Referral,GTM Pipeline,Referral,Qualified,13800,,Referral,MSP,63.2,Grace Kim,,ACME-D00549
juan.ramos@mercadoplc.example.com,Mercado PLC - Inbound,GTM Pipeline,Inbound,Qualified,5600,,Google Ads,MSP,63.0,Sofia Alvarez,,ACME-D00550
michael.adams@hernandezedwardsandharri.example.com,Hernandez Edwards and Harrison - Inbound,GTM Pipeline,Inbound,Qualified,6300,,Google Ads,MSP,65.4,Owen Brooks,,ACME-D00551
paul.chan@hernandezclarke.example.com,Hernandez-Clarke - Inbound,GTM Pipeline,Inbound,Contacted,14800,,Google Ads,MSP,63.1,Sofia Alvarez,,ACME-D00552
brandon.martinez@mcdanielgroup.example.com,Mcdaniel Group - Inbound,GTM Pipeline,Inbound,Qualified,9500,,Google Ads,MSP,58.3,Marcus Lee,,ACME-D00553
kathryn.saunders@jonesgarciaandrobinson.example.com,Jones Garcia and Robinson - Inbound,GTM Pipeline,Inbound,Qualified,18450,,Call Tracking,MSP,56.6,Dana Whitfield,,ACME-D00554
louis.pearson@thomasmoore.example.com,Thomas-Moore - Inbound,GTM Pipeline,Inbound,Lost,10550,2026-09-20,Google Ads,MSP,58.0,Jordan Ellis,,ACME-D00555
autumn.parker@lloydgroup.example.com,Lloyd Group - Inbound,GTM Pipeline,Inbound,Lost,18550,2026-09-17,Meta Ads,MSP,65.7,Dana Whitfield,,ACME-D00556
sharon.smith@sullivanplc.example.com,Sullivan PLC - Referral,GTM Pipeline,Referral,Contacted,13300,,Referral,MSP,62.2,Sofia Alvarez,,ACME-D00557
nathan.farrell@perrywilliams.example.com,Perry-Williams - Referral,GTM Pipeline,Referral,Qualified,10000,,Referral,MSP,63.7,Marcus Lee,,ACME-D00558
john.middleton@crawfordhawkins.example.com,Crawford-Hawkins - Inbound,GTM Pipeline,Inbound,Lost,8200,2026-09-22,Meta Ads,MSP,54.9,Dana Whitfield,,ACME-D00559
melanie.brown@huynhcochranandgraham.example.com,Huynh Cochran and Graham - Inbound,GTM Pipeline,Inbound,Lost,14450,2026-09-28,Google Ads,MSP,58.8,Sofia Alvarez,,ACME-D00560
eduardo.robinson@cooperltd.example.com,Cooper Ltd - Referral,GTM Pipeline,Referral,Lost,8300,2026-09-26,Referral,MSP,59.8,Jordan Ellis,,ACME-D00561
heather.taylor@taylorllc.example.com,Taylor LLC - Referral,GTM Pipeline,Referral,Lost,12800,2026-09-29,Referral,MSP,71.1,Jordan Ellis,,ACME-D00562
anna.dawson@martinandsons.example.com,Martin and Sons - Inbound,GTM Pipeline,Inbound,Qualified,11100,,Google Ads,MSP,63.5,Jordan Ellis,,ACME-D00563
matthew.guerrero@richardsonmorgan.example.com,Richardson-Morgan - Inbound,GTM Pipeline,Inbound,Contacted,12050,,Google Ads,MSP,57.9,Acme Round Robin,,ACME-D00564
steven.owens@davisllc.example.com,Davis LLC - Inbound,GTM Pipeline,Inbound,Lost,15800,2026-09-23,Google Ads,MSP,61.5,Dana Whitfield,,ACME-D00565
emily.stokes@mooresimpson.example.com,Moore-Simpson - Inbound,GTM Pipeline,Inbound,Lost,12900,2026-09-23,Google Ads,MSP,61.9,Dana Whitfield,,ACME-D00566
ethan.palmer@rayllc.example.com,Ray LLC - Inbound,GTM Pipeline,Inbound,Contacted,21450,,Google Ads,MSP,54.4,Priya Raman,,ACME-D00567
catherine.johnson@alexanderjenkinsandjames.example.com,Alexander Jenkins and James - Outbound,GTM Pipeline,Outbound,Lost,18250,2026-09-25,Outbound,MSP,57.4,Marcus Lee,,ACME-D00568
william.hays@jonesltd.example.com,Jones Ltd - Referral,GTM Pipeline,Referral,Lost,6700,2026-09-23,Referral,MSP,64.4,Marcus Lee,,ACME-D00569
stephanie.silva@burkeharrisandmathews.example.com,Burke Harris and Mathews - Referral,GTM Pipeline,Referral,Lost,12850,2026-09-21,Referral,MSP,58.7,Dana Whitfield,,ACME-D00570
jaime.cooke@hensleyllc.example.com,Hensley LLC - Referral,GTM Pipeline,Referral,Contacted,26400,,Referral,MSP,69.1,Marcus Lee,,ACME-D00571
john.santana@taylorcameron.example.com,Taylor-Cameron - Inbound,GTM Pipeline,Inbound,Qualified,11350,,Google Ads,MSP,54.0,Dana Whitfield,,ACME-D00572
nancy.anderson@thorntongalvanandfrye.example.com,Thornton Galvan and Frye - Inbound,GTM Pipeline,Inbound,Lost,11900,2026-09-26,Call Tracking,MSP,56.9,Marcus Lee,,ACME-D00573
laura.nguyen@shawplc.example.com,Shaw PLC - Inbound,GTM Pipeline,Inbound,Contacted,8900,,Google Ads,MSP,58.7,Owen Brooks,,ACME-D00574
brenda.jensen@floydchavezandmann.example.com,Floyd Chavez and Mann - Inbound,GTM Pipeline,Inbound,Lost,17350,2026-09-29,Google Ads,MSP,54.7,Grace Kim,,ACME-D00575
lori.brown@silvacruz.example.com,Silva-Cruz - Referral,GTM Pipeline,Referral,Contacted,12500,,Referral,MSP,68.0,Marcus Lee,,ACME-D00576
jason.adams@jacksongroup.example.com,Jackson Group - Inbound,GTM Pipeline,Inbound,Contacted,21150,,Google Ads,MSP,60.9,Marcus Lee,,ACME-D00577
matthew.evans@bowmaninc.example.com,Bowman Inc - Inbound,GTM Pipeline,Inbound,Contacted,14350,,Google Ads,MSP,52.1,Dana Whitfield,,ACME-D00578
brittany.young@onealhallandmccarthy.example.com,Oneal Hall and Mccarthy - Outbound,GTM Pipeline,Outbound,Contacted,21300,,Outbound,MSP,51.8,Jordan Ellis,,ACME-D00579
james.duncan@jenkinsplc.example.com,Jenkins PLC - Inbound,GTM Pipeline,Inbound,Contacted,26050,,Call Tracking,MSP,63.7,Marcus Lee,,ACME-D00580
kathy.ibarra@jonesllc.example.com,Jones LLC - Inbound,GTM Pipeline,Inbound,Qualified,18300,,Google Ads,MSP,62.8,Jordan Ellis,,ACME-D00581
alexander.carter@burkehale.example.com,Burke-Hale - Inbound,GTM Pipeline,Inbound,Contacted,24250,,Call Tracking,MSP,55.3,Sofia Alvarez,,ACME-D00582
paige.smith@bushmejiaandgreen.example.com,Bush Mejia and Green - Inbound,GTM Pipeline,Inbound,Contacted,18900,,Google Ads,MSP,56.6,Jordan Ellis,,ACME-D00583
christy.garcia@millerltd.example.com,Miller Ltd - Referral,GTM Pipeline,Referral,Lost,14400,2026-09-29,Referral,MSP,65.1,Priya Raman,,ACME-D00584
alison.garcia@blakeboothandsilva.example.com,Blake Booth and Silva - Referral,GTM Pipeline,Referral,New,9800,,Referral,MSP,49.9,Marcus Lee,,ACME-D00585
michael.huang@masongroup.example.com,Mason Group - Inbound,GTM Pipeline,Inbound,Contacted,6800,,Google Ads,MSP,61.4,Dana Whitfield,,ACME-D00586
philip.armstrong@jenkinsmccarthy.example.com,Jenkins-Mccarthy - Outbound,GTM Pipeline,Outbound,Contacted,7300,,Outbound,MSP,58.9,Dana Whitfield,,ACME-D00587
megan.montgomery@cruzmartinez.example.com,Cruz-Martinez - Referral,GTM Pipeline,Referral,Qualified,10400,,Referral,MSP,60.8,Dana Whitfield,,ACME-D00588
jennifer.moore@hunterpowell.example.com,Hunter-Powell - Inbound,GTM Pipeline,Inbound,Proposal,7850,,Google Ads,MSP,62.2,Dana Whitfield,,ACME-D00589
stanley.roach@danielsharperandhorn.example.com,Daniels Harper and Horn - Inbound,GTM Pipeline,Inbound,Contacted,9850,,Call Tracking,MSP,62.2,Marcus Lee,,ACME-D00590
jason.thomas@vaughnandsons.example.com,Vaughn and Sons - Inbound,GTM Pipeline,Inbound,Contacted,11550,,Google Ads,MSP,61.8,Jordan Ellis,,ACME-D00591
allen.smith@currythomasandbrown.example.com,Curry Thomas and Brown - Inbound,GTM Pipeline,Inbound,New,16150,,Google Ads,MSP,57.8,Dana Whitfield,,ACME-D00592
alex.gardner@nguyenpacheco.example.com,Nguyen-Pacheco - Referral,GTM Pipeline,Referral,Contacted,10600,,Referral,MSP,62.6,Jordan Ellis,,ACME-D00593
adam.harris@smithclaytonandramsey.example.com,Smith Clayton and Ramsey - Inbound,GTM Pipeline,Inbound,Contacted,8900,,Meta Ads,MSP,60.0,Dana Whitfield,,ACME-D00594
stephen.white@davisrosalesandodonnell.example.com,Davis Rosales and Odonnell - Inbound,GTM Pipeline,Inbound,New,12950,,Meta Ads,MSP,64.0,Dana Whitfield,,ACME-D00595
julia.martin@patelbrownandmartin.example.com,Patel Brown and Martin - Referral,GTM Pipeline,Referral,Contacted,10600,,Referral,MSP,62.6,Marcus Lee,,ACME-D00596
james.avila@petersplc.example.com,Peters PLC - Referral,GTM Pipeline,Referral,Contacted,15700,,Referral,MSP,64.5,Sofia Alvarez,,ACME-D00597
mckenzie.moore@abbottharrisandgibson.example.com,Abbott Harris and Gibson - Referral,GTM Pipeline,Referral,Contacted,12850,,Referral,MSP,58.5,Sofia Alvarez,,ACME-D00598
michael.harper@sandovalgroup.example.com,Sandoval Group - Inbound,GTM Pipeline,Inbound,Contacted,13600,,Google Ads,MSP,50.6,Marcus Lee,,ACME-D00599
deborah.wright@medinagroup.example.com,Medina Group - Inbound,GTM Pipeline,Inbound,Contacted,11250,,Google Ads,MSP,63.2,Sofia Alvarez,,ACME-D00600
james.bridges@mendezpearsonandlee.example.com,Mendez Pearson and Lee - Inbound,GTM Pipeline,Inbound,New,12300,,Call Tracking,MSP,55.0,Sofia Alvarez,,ACME-D00601
erica.morales@savagefreemanandwilliams.example.com,Savage Freeman and Williams - Inbound,GTM Pipeline,Inbound,Contacted,8350,,Google Ads,MSP,55.7,Priya Raman,,ACME-D00602
tina.thompson@pittmaninc.example.com,Pittman Inc - Outbound,GTM Pipeline,Outbound,Contacted,16700,,Outbound,MSP,55.1,Acme Round Robin,,ACME-D00603
hunter.richardson@rodriguezplc.example.com,Rodriguez PLC - Outbound,GTM Pipeline,Outbound,New,22800,,Outbound,MSP,56.6,Sofia Alvarez,,ACME-D00604
bobby.duran@browngroup.example.com,Brown Group - Inbound,GTM Pipeline,Inbound,New,17450,,Google Ads,MSP,60.0,Sofia Alvarez,,ACME-D00605
erica.jones@johnsonllc.example.com,Johnson LLC - Inbound,GTM Pipeline,Inbound,New,15000,,Meta Ads,MSP,56.0,Dana Whitfield,,ACME-D00606
gregory.jenkins@parkschase.example.com,Parks-Chase - Referral,GTM Pipeline,Referral,Contacted,12500,,Referral,MSP,61.4,Priya Raman,,ACME-D00607
trevor.hernandez@carterclark.example.com,Carter-Clark - Referral,GTM Pipeline,Referral,New,13850,,Referral,MSP,68.2,Dana Whitfield,,ACME-D00608
ryan.burton@reeveslloyd.example.com,Reeves-Lloyd - Inbound,GTM Pipeline,Inbound,New,19500,,Call Tracking,MSP,51.8,Dana Whitfield,,ACME-D00609
mary.washington@hallbush.example.com,Hall-Bush - Inbound,GTM Pipeline,Inbound,New,8400,,Call Tracking,MSP,60.8,Grace Kim,,ACME-D00610
nathaniel.schwartz@bauergomezandsmith.example.com,Bauer Gomez and Smith - Referral,GTM Pipeline,Referral,New,25300,,Referral,MSP,64.0,Marcus Lee,,ACME-D00611
bruce.cox@kellerbyrd.example.com,Keller-Byrd - Inbound,GTM Pipeline,Inbound,Contacted,13900,,Call Tracking,MSP,53.3,Grace Kim,,ACME-D00612
kim.taylor@smithstone.example.com,Smith-Stone - Inbound,GTM Pipeline,Inbound,New,9450,,Meta Ads,MSP,59.4,Dana Whitfield,,ACME-D00613
mary.barnett@roseblair.example.com,Rose-Blair - Referral,GTM Pipeline,Referral,Contacted,22850,,Referral,MSP,59.9,Sofia Alvarez,,ACME-D00614
faith.owens@whitesims.example.com,White-Sims - Referral,GTM Pipeline,Referral,New,8950,,Referral,MSP,,Dana Whitfield,,ACME-D00615
ashley.reed@potterllc.example.com,Potter LLC - Inbound,GTM Pipeline,Inbound,New,12150,,Call Tracking,MSP,59.7,Jordan Ellis,,ACME-D00616
gary.king@jamesltd.example.com,James Ltd - Outbound,GTM Pipeline,Outbound,New,14600,,Outbound,MSP,53.9,Priya Raman,,ACME-D00617
lisa.brown@cabreracantu.example.com,Cabrera-Cantu - Inbound,GTM Pipeline,Inbound,New,14300,,Google Ads,MSP,62.1,Sofia Alvarez,,ACME-D00618
rachael.pace@mooremorganandparker.example.com,Moore Morgan and Parker - Referral,GTM Pipeline,Referral,New,22300,,Referral,MSP,63.8,Dana Whitfield,,ACME-D00619
