channel,month,spend,impressions,clicks
Google_Cpc,2026-04,"$36,265.51",90566,4029
Facebook,2026-04,"$14,175.46",590644,6443
Sdr,2026-04,"$21,235.33",2831,64
Partner Referral,2026-04,"$5,711.75",,
Local Services Ads,2026-04,"$8,612.97",14354,395
Google_Cpc,2026-05,"$37,291.59",114625,4143
Facebook,2026-05,"$13,320.16",555006,5806
Sdr,2026-05,"$20,881.16",2784,70
Partner Referral,2026-05,"$5,959.77",,
Local Services Ads,2026-05,"$9,280.86",15468,460
Google_Cpc,2026-06,"$39,525.89",110168,4391
Facebook,2026-06,"$14,731.54",613814,5532
Sdr,2026-06,"$22,874.34",3049,71
Partner Referral,2026-06,"$6,331.95",,
Local Services Ads,2026-06,"$9,004.36",15007,504
Google_Cpc,2026-07,"$37,698.20",85994,4188
Facebook,2026-07,"$13,729.57",572065,6187
Sdr,2026-07,"$21,856.64",2914,69
Partner Referral,2026-07,"$6,235.45",,
Local Services Ads,2026-07,"$9,131.17",15218,425
Google_Cpc,2026-08,"$37,929.95",110825,4214
Facebook,2026-08,"$13,681.19",570049,6018
Sdr,2026-08,"$21,285.36",2838,75
Partner Referral,2026-08,"$6,104.62",,
Local Services Ads,2026-08,"$8,587.67",14312,378
Google_Cpc,2026-09,"$36,294.54",85509,4032
Facebook,2026-09,"$14,863.42",619309,5765
Sdr,2026-09,"$21,343.54",2845,59
Partner Referral,2026-09,"$6,242.33",,
Local Services Ads,2026-09,"$8,679.89",14466,454
